Department,YearMonth,Revenue,Revenue Goal,Margin,Margin Goal,Sales Quantity,Customers
Account Management,2017-01,101963.34,96135.54,5.55,5.33,800,2911
Account Management,2017-02,101472.9,94475.08,5.0,4.78,793,3208
Account Management,2017-03,102730.67,100939.24,4.84,5.23,755,2513
Account Management,2017-04,113780.54000000001,96815.29,5.19,5.24,864,3496
Account Management,2017-05,122237.61,96566.76,5.49,5.34,965,3435
Account Management,2017-06,100448.92,99784.96,5.49,5.13,772,2850
Account Management,2017-07,113597.66,94532.3,5.36,5.37,900,3548
Account Management,2017-08,110354.42,105355.09,4.98,5.28,838,3146
Account Management,2017-09,117605.31,96661.46,5.14,5.3500000000000005,925,3187
Account Management,2017-10,103713.51,104792.05,5.05,5.28,823,3012
Account Management,2017-11,109802.11,95844.98,5.57,5.09,828,2933
Account Management,2017-12,100959.52,100138.73,5.16,5.37,782,3048
Account Management,2018-01,226421.74,178027.58,6.07,5.36,1454,4307
Account Management,2018-02,226098.84,159202.4,4.8500000000000005,4.96,1451,4781
Account Management,2018-03,235408.69,169435.44999999998,5.15,5.45,1484,4598
Account Management,2018-04,225589.51,165552.73,4.7700000000000005,5.01,1418,4495
Account Management,2018-05,227914.72,179863.81,5.62,5.63,1458,5071
Account Management,2018-06,219580.25,168966.96,5.2700000000000005,5.22,1415,4844
Account Management,2018-07,245395.0,153818.65,5.62,5.38,1545,4476
Account Management,2018-08,247980.86000000002,162465.4,5.73,5.24,1573,5189
Account Management,2018-09,236997.77,172147.18,4.97,5.28,1464,4467
Account Management,2018-10,214463.3,172894.92,5.62,5.34,1325,4433
Account Management,2018-11,239742.57,181279.75,5.46,5.3,1534,4858
Account Management,2018-12,218588.35,153136.06,5.53,5.47,1385,4328
Account Management,2019-01,144090.34,143903.32,5.76,5.46,1072,3288
Account Management,2019-02,167799.8,125552.34,5.34,4.82,1208,4141
Account Management,2019-03,170989.16,130086.82,5.25,5.38,1232,4539
Account Management,2019-04,151512.82,134966.19,4.7700000000000005,5.32,1105,4059
Account Management,2019-05,152946.21,135270.01,5.85,5.47,1141,3762
Account Management,2019-06,159716.88,142903.35,5.25,5.11,1189,3627
Account Management,2019-07,149551.2,138132.89,5.65,5.51,1093,3795
Account Management,2019-08,140542.91,147670.36000000002,6.03,5.43,1008,3576
Account Management,2019-09,127502.46,138082.26,5.640000000000001,5.38,953,2869
Account Management,2019-10,157031.63999999998,134820.74,5.3100000000000005,5.54,1182,4246
Account Management,2019-11,127250.04,152326.41,5.24,5.24,916,3007
Account Management,2019-12,172665.43,150575.03,5.890000000000001,5.43,1301,4348
Account Management,2020-01,199486.04,203654.83,5.07,5.36,1091,2749
Account Management,2020-02,177042.98,191674.12,5.140000000000001,5.05,979,2632
Account Management,2020-03,131248.02,194562.51,4.83,5.29,698,1949
Account Management,2020-04,0.0,202456.82,5.45,5.21,0,0
Account Management,2020-05,0.0,219916.76,5.04,5.46,0,0
Account Management,2020-06,58171.72,218292.02,1.992,5.3,287,743
Account Management,2020-07,77968.13,206759.53,3.456,5.32,405,1079
Account Management,2020-08,117538.14,225417.62,4.352,5.43,605,1698
Account Management,2020-09,114425.18,210006.46,4.671,4.97,626,1645
Account Management,2020-10,148797.95,221611.01,4.82,5.32,823,2198
Account Management,2020-11,168699.77,224520.66,4.67,5.1,931,2294
Account Management,2020-12,229021.0,198683.32,4.86,5.33,1268,3380
Account Management,2021-01,44703.270000000004,56238.49,3.654,5.32,463,2128
Account Management,2021-02,33748.53,56870.62,3.054,4.88,351,1886
Account Management,2021-03,42612.43,61360.72,4.242,5.36,427,2191
Account Management,2021-04,51689.42,69207.27,3.688,5.17,536,2846
Account Management,2021-05,50331.78,68491.23,4.392,5.34,530,2854
Account Management,2021-06,64577.07,66833.05,5.34,5.25,662,3685
Account Management,2021-07,58514.83,68378.45,5.25,5.49,620,2847
Account Management,2021-08,70714.59,67950.76,5.09,5.25,731,3542
Account Management,2021-09,61918.13,67827.34,5.01,5.44,660,3330
Account Management,2021-10,64740.62,71786.89,4.87,5.34,672,3196
Account Management,2021-11,62876.47,66967.99,5.0200000000000005,5.16,675,3649
Account Management,2021-12,102095.7,69698.78,5.13,5.42,1085,5410
Account Management,2022-01,37832.62,51291.88,5.6,5.32,513,3154
Account Management,2022-02,39571.04,43741.16,5.07,4.8500000000000005,524,3229
Account Management,2022-03,42747.909999999996,46710.5,5.63,5.39,581,4055
Account Management,2022-04,47386.979999999996,45113.64,5.48,5.08,649,4264
Account Management,2022-05,35916.35,50345.03,5.0,5.6,501,3011
Account Management,2022-06,35818.979999999996,48192.63,5.51,5.32,495,2798
Account Management,2022-07,45467.31,48112.26,5.65,5.24,621,3760
Account Management,2022-08,44724.03,49279.29,5.220000000000001,5.44,614,4199
Account Management,2022-09,37460.39,48789.93,4.87,5.36,521,3032
Account Management,2022-10,47691.13,48536.47,5.04,5.32,650,3976
Account Management,2022-11,64799.64,51287.27,5.65,5.21,898,5187
Account Management,2022-12,58283.11,46283.89,5.66,5.5200000000000005,842,4987
Business Development,2017-01,106506.71,107537.37,5.51,5.4,822,3055
Business Development,2017-02,90945.77,105444.45,4.57,4.91,693,2633
Business Development,2017-03,96183.57,101686.27,5.57,5.4,745,2883
Business Development,2017-04,103710.74,96630.15,5.32,5.13,823,3228
Business Development,2017-05,131278.14,100630.70999999999,5.61,5.390000000000001,1053,3581
Business Development,2017-06,115829.57,91414.8,5.890000000000001,5.29,897,3361
Business Development,2017-07,112140.03,97023.04,5.8100000000000005,5.35,863,3260
Business Development,2017-08,109337.98,96211.99,5.34,5.44,819,3143
Business Development,2017-09,106885.56,90586.14,5.12,5.35,858,3536
Business Development,2017-10,112625.2,94098.71,5.07,5.58,906,3087
Business Development,2017-11,77255.02,95818.09,5.33,5.24,598,1992
Business Development,2017-12,88782.04000000001,96699.11,5.42,5.38,720,2819
Business Development,2018-01,246931.96,145235.51,5.12,5.33,1557,4843
Business Development,2018-02,220231.46,141231.67,5.08,5.03,1411,4006
Business Development,2018-03,219184.98,168007.7,4.79,5.37,1386,4348
Business Development,2018-04,210225.85,177462.9,5.8,5.23,1314,3981
Business Development,2018-05,222966.02,193639.67,5.66,5.4,1392,4111
Business Development,2018-06,215108.22,179580.91,4.85,5.11,1378,4208
Business Development,2018-07,236691.52,173712.43,5.44,5.59,1490,4480
Business Development,2018-08,260434.43,166905.32,5.41,5.36,1682,5338
Business Development,2018-09,224416.83,176143.35,4.85,5.2700000000000005,1436,4417
Business Development,2018-10,250778.37,162932.88,5.58,5.33,1613,4724
Business Development,2018-11,220749.09,156441.65,5.25,5.16,1407,4191
Business Development,2018-12,204460.96,165462.8,5.3500000000000005,5.22,1271,3693
Business Development,2019-01,150607.09,146354.87,5.24,5.46,1118,3760
Business Development,2019-02,135272.87,130978.08,4.37,4.87,976,3255
Business Development,2019-03,154019.79,134218.48,5.68,5.41,1108,4263
Business Development,2019-04,168396.06,131752.55,5.65,5.37,1251,4053
Business Development,2019-05,138542.48,129958.87,5.51,5.38,1020,3377
Business Development,2019-06,148036.75,137515.64,5.09,5.21,1086,3552
Business Development,2019-07,126783.62,144643.29,4.82,5.63,907,3167
Business Development,2019-08,146248.18,142535.64,6.0600000000000005,5.47,1032,3764
Business Development,2019-09,137998.85,136243.12,5.3,5.09,976,3238
Business Development,2019-10,159917.04,134142.44,5.7,5.45,1208,4201
Business Development,2019-11,149144.5,136559.19,5.42,5.19,1076,3496
Business Development,2019-12,169636.43,124545.1,5.22,5.49,1223,4298
Business Development,2020-01,188680.34,203550.14,5.17,5.34,1023,2975
Business Development,2020-02,132224.13,175500.03,5.45,5.03,694,1708
Business Development,2020-03,145332.08,212946.18,5.4,5.430000000000001,790,2120
Business Development,2020-04,0.0,226146.62,5.2700000000000005,5.17,0,0
Business Development,2020-05,0.0,216249.36000000002,5.5600000000000005,5.57,0,0
Business Development,2020-06,44004.89,213213.57,1.968,5.3,224,559
Business Development,2020-07,83632.55,218921.45,3.438,5.38,434,1133
Business Development,2020-08,98726.65,186772.31,4.408,5.5600000000000005,512,1348
Business Development,2020-09,123095.1,202922.24,5.058,5.36,656,2035
Business Development,2020-10,126759.81999999999,205589.57,5.83,5.3100000000000005,666,1688
Business Development,2020-11,171769.29,207039.07,5.12,5.25,961,2517
Business Development,2020-12,191429.87,206547.58,5.65,5.48,1021,2143
Business Development,2021-01,39663.14,63344.05,3.63,5.5200000000000005,409,2191
Business Development,2021-02,34323.05,63242.06,3.198,4.62,346,1722
Business Development,2021-03,48948.54,66000.72,3.283,5.42,505,2721
Business Development,2021-04,51828.53,57782.64,4.4,5.2,540,2526
Business Development,2021-05,55683.25,71475.31999999999,4.424,5.13,584,2597
Business Development,2021-06,59117.49,63769.11,5.54,5.45,619,3056
Business Development,2021-07,70534.94,60969.3,5.9,5.3500000000000005,738,3594
Business Development,2021-08,62015.12,61895.62,5.48,5.61,641,3015
Business Development,2021-09,66152.93000000001,69187.23,4.73,5.37,702,3807
Business Development,2021-10,64394.68,67158.69,5.45,5.34,685,3417
Business Development,2021-11,88406.82,64686.729999999996,5.16,5.33,932,4945
Business Development,2021-12,85240.23,58908.95,5.4,5.390000000000001,931,4898
Business Development,2022-01,40152.55,49789.94,5.87,5.3100000000000005,547,3314
Business Development,2022-02,37371.58,46723.85,5.0200000000000005,4.8500000000000005,518,3094
Business Development,2022-03,45268.01,48736.01,5.18,5.41,624,3659
Business Development,2022-04,39174.01,43043.99,5.42,5.26,526,3564
Business Development,2022-05,43098.92,49195.4,4.91,5.59,586,3831
Business Development,2022-06,36447.83,49146.13,5.22,5.19,502,3035
Business Development,2022-07,36832.72,47534.05,6.05,5.19,496,3160
Business Development,2022-08,45520.6,50131.7,5.38,5.53,614,3668
Business Development,2022-09,40383.64,43960.96,5.09,5.25,557,3430
Business Development,2022-10,47084.62,47004.02,5.76,5.57,652,4522
Business Development,2022-11,61950.15,50108.59,5.17,5.13,870,5611
Business Development,2022-12,52286.02,49959.01,5.38,5.66,740,4898
Channel Sales,2017-01,42761.06,45167.590000000004,16.94,15.48,309,1077
Channel Sales,2017-02,54902.08,43317.11,15.0,14.22,423,1566
Channel Sales,2017-03,58751.770000000004,54702.63,17.060000000000002,15.74,436,1659
Channel Sales,2017-04,58314.52,52930.83,14.8,14.52,457,1654
Channel Sales,2017-05,42446.0,48030.6,17.12,15.620000000000001,315,1117
Channel Sales,2017-06,60595.36,51706.78,13.66,15.379999999999999,480,1784
Channel Sales,2017-07,61845.98,51576.05,15.5,15.32,474,1761
Channel Sales,2017-08,63790.56,52079.659999999996,15.02,15.72,497,1818
Channel Sales,2017-09,44886.78,48340.36,16.36,15.22,341,1123
Channel Sales,2017-10,57642.01,55530.07,15.24,15.64,431,1458
Channel Sales,2017-11,52401.01,49847.38,13.94,14.78,405,1395
Channel Sales,2017-12,57853.54,47143.35,15.200000000000001,15.32,455,1712
Channel Sales,2018-01,110294.48,86185.53,14.96,15.84,685,2026
Channel Sales,2018-02,100160.66,84864.35,13.700000000000001,14.2,616,1774
Channel Sales,2018-03,125034.19,86106.36,16.9,15.5,769,2531
Channel Sales,2018-04,117718.31999999999,87970.15,15.84,15.16,734,2200
Channel Sales,2018-05,104514.46,90207.54,15.88,15.38,638,1853
Channel Sales,2018-06,116996.59,88779.51,15.38,15.08,711,2207
Channel Sales,2018-07,122609.18,88090.83,15.32,15.46,762,2489
Channel Sales,2018-08,110260.03,79813.72,15.8,15.96,693,2084
Channel Sales,2018-09,92566.45,87579.64,14.74,15.399999999999999,559,1673
Channel Sales,2018-10,110274.17,77733.95999999999,14.58,16.02,676,2162
Channel Sales,2018-11,116158.24,75048.52,15.36,14.68,731,2057
Channel Sales,2018-12,107308.51,81746.36,14.2,15.46,652,1959
Channel Sales,2019-01,94131.23,77377.65,17.3,15.18,677,2229
Channel Sales,2019-02,66936.96,62257.68,14.620000000000001,14.0,470,1597
Channel Sales,2019-03,61760.799999999996,63338.96,14.78,15.32,411,1447
Channel Sales,2019-04,80842.23,62376.81,14.42,14.8,588,2060
Channel Sales,2019-05,73464.54,75810.12,16.7,15.48,528,1712
Channel Sales,2019-06,70206.41,65035.75,13.94,15.1,476,1473
Channel Sales,2019-07,73185.64,76576.95999999999,15.7,15.86,530,1879
Channel Sales,2019-08,69851.78,69709.23,15.4,15.0,491,1697
Channel Sales,2019-09,82904.74,78282.24,15.040000000000001,14.16,596,1976
Channel Sales,2019-10,80392.49,78140.75,14.14,15.26,579,1897
Channel Sales,2019-11,68845.28,60976.38,14.22,14.9,479,1703
Channel Sales,2019-12,92055.02,67955.04,15.68,15.32,652,2346
Channel Sales,2020-01,129435.78,104481.27,16.06,15.82,674,1694
Channel Sales,2020-02,83049.04,98381.27,15.08,14.18,419,979
Channel Sales,2020-03,61751.12,98209.45,14.72,15.56,304,695
Channel Sales,2020-04,0.0,101405.6,13.74,15.5,0,0
Channel Sales,2020-05,0.0,95919.42,16.12,15.120000000000001,0,0
Channel Sales,2020-06,26335.52,93415.67,6.616,15.440000000000001,124,319
Channel Sales,2020-07,45512.48,107842.03,9.36,16.1,230,600
Channel Sales,2020-08,56593.21,100742.89,12.832,15.84,282,710
Channel Sales,2020-09,62997.88,97238.36,14.292,15.18,332,862
Channel Sales,2020-10,66209.45,109219.91,17.72,15.64,348,928
Channel Sales,2020-11,77475.62,108316.79000000001,14.4,14.58,389,898
Channel Sales,2020-12,92931.76,100266.27,16.66,15.08,492,1319
Channel Sales,2021-01,20058.59,32999.88,9.48,15.66,199,927
Channel Sales,2021-02,16997.04,30503.7,9.336,14.22,162,695
Channel Sales,2021-03,23649.36,34599.25,10.472,15.200000000000001,233,1081
Channel Sales,2021-04,27650.31,29420.73,12.048,14.82,287,1360
Channel Sales,2021-05,22607.61,30015.58,12.416,15.08,226,1141
Channel Sales,2021-06,32430.14,33610.29,15.440000000000001,14.82,327,1778
Channel Sales,2021-07,28976.91,32302.88,15.98,15.64,302,1491
Channel Sales,2021-08,31891.27,29167.079999999998,15.8,15.64,332,1469
Channel Sales,2021-09,32455.37,32739.78,15.72,14.64,330,1524
Channel Sales,2021-10,31726.82,27938.22,16.580000000000002,15.66,333,1673
Channel Sales,2021-11,40662.91,30578.11,14.72,14.42,420,1966
Channel Sales,2021-12,45865.05,38359.18,15.32,15.24,476,2286
Channel Sales,2022-01,24289.9,20485.7,15.1,14.9,334,2116
Channel Sales,2022-02,20129.19,24917.76,13.44,13.58,273,1722
Channel Sales,2022-03,24068.76,21428.96,14.1,15.74,334,1823
Channel Sales,2022-04,21815.88,22841.7,14.42,14.7,295,1754
Channel Sales,2022-05,18931.49,23433.13,15.96,15.4,260,1628
Channel Sales,2022-06,19878.64,22897.5,13.98,15.2,259,1568
Channel Sales,2022-07,18394.78,24671.309999999998,16.84,15.54,255,1488
Channel Sales,2022-08,20619.46,22708.98,15.4,15.32,278,1850
Channel Sales,2022-09,16709.69,19386.4,14.5,14.54,220,1505
Channel Sales,2022-10,23210.16,23615.57,15.74,15.44,316,1825
Channel Sales,2022-11,27661.48,21110.25,15.52,14.96,369,2394
Channel Sales,2022-12,30134.25,23108.850000000002,14.72,15.32,399,2378
Customer Success,2017-01,137460.48,117135.98999999999,8.68,7.87,1091,4015
Customer Success,2017-02,122269.61,106571.70999999999,6.1,6.81,985,3615
Customer Success,2017-03,113659.36,107160.84,7.94,7.8,888,3538
Customer Success,2017-04,110514.3,111326.71,7.09,7.6000000000000005,877,3235
Customer Success,2017-05,123446.15,111977.93,7.82,7.94,977,3890
Customer Success,2017-06,120817.22,98967.12,6.91,7.42,947,3620
Customer Success,2017-07,147040.86000000002,115111.29,7.69,7.72,1147,4262
Customer Success,2017-08,133441.87,115532.23,8.01,7.64,1099,3479
Customer Success,2017-09,111714.16,114874.87,7.7700000000000005,7.3,868,3189
Customer Success,2017-10,128932.89,108944.0,7.51,7.88,1058,4008
Customer Success,2017-11,134317.4,116563.56,7.13,7.56,1030,3198
Customer Success,2017-12,128864.8,124727.04000000001,7.71,7.65,1014,4156
Customer Success,2018-01,285392.03,185986.43,8.59,7.84,1871,5915
Customer Success,2018-02,217233.76,169035.94,7.53,6.93,1402,4151
Customer Success,2018-03,244175.29,190495.86,7.7,7.7,1547,4274
Customer Success,2018-04,216377.77,197540.99,8.09,7.29,1355,4303
Customer Success,2018-05,290711.31,188984.7,7.22,7.78,1862,5352
Customer Success,2018-06,267092.37,193210.43,6.71,7.41,1698,5043
Customer Success,2018-07,235990.93,188573.59,7.98,7.68,1496,4321
Customer Success,2018-08,255866.77,199325.65,8.24,7.69,1651,5325
Customer Success,2018-09,294533.82,180238.48,6.78,7.83,1862,5741
Customer Success,2018-10,242562.23,209121.9,7.98,7.96,1514,4323
Customer Success,2018-11,263833.29,189346.78,6.95,7.54,1694,5009
Customer Success,2018-12,279487.0,197887.05,7.1,7.57,1751,5083
Customer Success,2019-01,154490.53,150720.88,7.67,7.36,1128,3980
Customer Success,2019-02,174408.2,133956.38,6.41,6.96,1307,4263
Customer Success,2019-03,204048.61,150231.18,8.19,7.94,1516,4991
Customer Success,2019-04,129532.68,158868.02,7.17,7.86,966,3474
Customer Success,2019-05,198773.23,157899.78,7.62,7.56,1467,5309
Customer Success,2019-06,138956.35,160053.07,7.48,7.630000000000001,1044,3407
Customer Success,2019-07,167610.62,151406.84,7.74,7.890000000000001,1218,3826
Customer Success,2019-08,160611.93,139375.98,7.32,7.76,1164,3744
Customer Success,2019-09,183280.01,167974.85,7.79,7.6000000000000005,1372,4477
Customer Success,2019-10,154729.65,157005.28,8.33,7.96,1149,3568
Customer Success,2019-11,157746.7,166054.52,7.19,7.53,1167,3930
Customer Success,2019-12,186834.17,178368.87,7.45,8.02,1384,4517
Customer Success,2020-01,227732.22,237348.9,7.57,7.8,1271,3296
Customer Success,2020-02,184913.34,209913.8,7.5200000000000005,7.23,1004,2558
Customer Success,2020-03,146596.12,235962.61,8.65,7.66,808,1929
Customer Success,2020-04,0.0,228641.55,8.03,7.45,0,0
Customer Success,2020-05,0.0,259781.0,8.1,7.71,0,0
Customer Success,2020-06,50082.49,252881.45,2.84,7.35,237,602
Customer Success,2020-07,90635.72,251563.31,4.518,7.88,483,1093
Customer Success,2020-08,121153.33,217249.0,6.4,7.78,645,1821
Customer Success,2020-09,118269.98,195891.36,6.75,7.38,597,1606
Customer Success,2020-10,152296.55,209085.19,7.7700000000000005,7.55,794,2118
Customer Success,2020-11,182151.99,229324.77,7.86,7.4,966,2630
Customer Success,2020-12,261808.97,230670.34,7.96,7.94,1425,3722
Customer Success,2021-01,53516.86,69120.45999999999,5.406,7.8100000000000005,551,2482
Customer Success,2021-02,40924.34,60433.34,4.11,7.0,426,2037
Customer Success,2021-03,53252.41,66661.06,5.334,7.76,553,2993
Customer Success,2021-04,67038.11,69700.88,6.088,7.5200000000000005,698,3278
Customer Success,2021-05,65309.13,73706.04,5.472,7.9,695,3658
Customer Success,2021-06,64286.1,68539.23,7.64,7.47,661,3512
Customer Success,2021-07,75051.24,74929.09,8.09,7.48,801,3825
Customer Success,2021-08,68187.02,70719.49,7.57,7.51,725,3429
Customer Success,2021-09,76857.44,75417.54,8.14,7.640000000000001,820,3716
Customer Success,2021-10,75829.94,68705.24,8.22,8.05,826,4908
Customer Success,2021-11,109744.64,69617.23,7.74,7.44,1190,5406
Customer Success,2021-12,99520.14,77682.55,6.74,7.78,1093,5092
Customer Success,2022-01,43378.03,51855.42,8.13,7.87,582,3358
Customer Success,2022-02,49206.16,44053.14,7.3,7.14,686,4464
Customer Success,2022-03,45330.29,45312.31,7.67,7.7,618,3966
Customer Success,2022-04,35359.41,48241.98,8.05,7.68,480,2661
Customer Success,2022-05,47206.47,52658.03,7.0600000000000005,7.5200000000000005,652,4275
Customer Success,2022-06,42232.35,52880.21,7.71,7.41,575,3668
Customer Success,2022-07,43996.81,54933.19,7.92,7.640000000000001,615,3611
Customer Success,2022-08,51869.62,55281.2,7.02,7.7700000000000005,718,4396
Customer Success,2022-09,37357.67,49922.18,7.0200000000000005,7.54,486,3201
Customer Success,2022-10,46673.13,51645.8,7.45,7.76,649,3742
Customer Success,2022-11,58988.97,53940.45,7.6000000000000005,7.29,824,5105
Customer Success,2022-12,71357.59,47767.2,7.62,7.71,1094,7292
E-commerce Sales,2017-01,194136.29,175204.83,8.7,8.67,1599,5445
E-commerce Sales,2017-02,163169.77,126036.35,7.73,7.89,1347,5074
E-commerce Sales,2017-03,164427.98,178855.6,9.16,8.72,1369,5107
E-commerce Sales,2017-04,175926.52,152172.28,8.700000000000001,8.11,1527,5412
E-commerce Sales,2017-05,154309.69,147522.5,8.68,8.74,1271,4729
E-commerce Sales,2017-06,185781.94,146682.45,8.629999999999999,8.52,1705,7087
E-commerce Sales,2017-07,187684.32,154101.45,9.1,8.36,1532,5862
E-commerce Sales,2017-08,157328.78,169960.86,8.56,8.45,1435,5111
E-commerce Sales,2017-09,188704.46,150957.61,8.35,8.11,1691,6625
E-commerce Sales,2017-10,144111.83,151036.45,8.97,8.53,1207,4126
E-commerce Sales,2017-11,161654.33,153540.94,8.48,8.36,1347,5583
E-commerce Sales,2017-12,173026.94,153690.08,8.61,8.44,1470,6165
E-commerce Sales,2018-01,349207.14,306422.29,9.26,8.35,2328,6036
E-commerce Sales,2018-02,299769.65,245588.16,7.65,7.63,2029,6194
E-commerce Sales,2018-03,357901.22000000003,267450.92,8.77,8.57,2351,6474
E-commerce Sales,2018-04,389661.2,280153.72,8.98,8.09,2762,8197
E-commerce Sales,2018-05,327133.93,266246.76,7.49,8.45,2304,7670
E-commerce Sales,2018-06,304623.63,235096.06,7.94,8.62,2157,6979
E-commerce Sales,2018-07,427461.87,268937.92,8.2,8.56,2834,8190
E-commerce Sales,2018-08,420697.25,266006.92,8.62,8.59,2838,9749
E-commerce Sales,2018-09,298426.17,278048.04,7.58,8.55,2045,6940
E-commerce Sales,2018-10,323282.94,263498.73,8.22,8.51,2286,7086
E-commerce Sales,2018-11,308951.12,271457.79,7.15,8.31,2256,7126
E-commerce Sales,2018-12,319764.92,251302.05,8.99,8.95,2307,6406
E-commerce Sales,2019-01,206027.57,208129.57,7.86,8.49,1562,4952
E-commerce Sales,2019-02,206536.29,168447.9,7.82,7.84,1724,4959
E-commerce Sales,2019-03,240499.52,208990.82,8.01,8.28,1854,7024
E-commerce Sales,2019-04,201916.29,201069.07,6.92,8.68,1657,5260
E-commerce Sales,2019-05,172525.68,215617.3,8.67,8.63,1363,5526
E-commerce Sales,2019-06,212926.95,203505.88,8.59,8.29,1674,5781
E-commerce Sales,2019-07,230977.97999999998,210894.94,7.23,8.49,1924,6992
E-commerce Sales,2019-08,243842.18,234978.1,7.59,8.48,1962,6466
E-commerce Sales,2019-09,205968.98,204843.09,8.28,8.38,1614,5430
E-commerce Sales,2019-10,194203.03,208443.78,8.5,8.21,1478,5904
E-commerce Sales,2019-11,190592.33000000002,224060.18,8.24,8.53,1486,5122
E-commerce Sales,2019-12,224380.37,215653.83,9.68,8.53,1714,5486
E-commerce Sales,2020-01,261859.66,308119.91000000003,9.0,8.5,1464,4039
E-commerce Sales,2020-02,180267.29,295533.99,8.45,7.74,998,2272
E-commerce Sales,2020-03,169843.98,328929.23,8.21,8.68,918,2651
E-commerce Sales,2020-04,0.0,272656.02999999997,8.12,8.4,0,0
E-commerce Sales,2020-05,0.0,359266.81,8.58,8.87,0,0
E-commerce Sales,2020-06,83605.52,313186.34,3.384,8.31,433,1054
E-commerce Sales,2020-07,115066.45,298305.1,5.13,8.67,626,1580
E-commerce Sales,2020-08,167135.95,346635.14,6.808,8.47,920,2529
E-commerce Sales,2020-09,149085.43,294428.45,7.893,8.06,801,2230
E-commerce Sales,2020-10,195478.18,314683.94,8.09,8.49,1089,2955
E-commerce Sales,2020-11,284883.1,345034.41,7.44,8.35,1583,4040
E-commerce Sales,2020-12,356638.28,304870.52999999997,7.62,8.24,2043,5759
E-commerce Sales,2021-01,63761.64,112556.21,5.208,8.24,660,3482
E-commerce Sales,2021-02,58213.11,94312.5,4.548,7.63,619,3259
E-commerce Sales,2021-03,67948.48,101544.38,5.327,8.63,725,3408
E-commerce Sales,2021-04,83167.15,100257.08,6.976,8.28,898,4891
E-commerce Sales,2021-05,93324.56,104853.31,6.832,8.72,1017,5337
E-commerce Sales,2021-06,119049.27,94138.4,7.91,8.33,1349,7348
E-commerce Sales,2021-07,106685.36,104020.47,9.6,8.65,1168,6040
E-commerce Sales,2021-08,106189.12,93655.82,8.04,8.61,1208,5782
E-commerce Sales,2021-09,89247.6,88489.35,8.59,7.93,1069,4845
E-commerce Sales,2021-10,100583.03,106214.71,9.26,8.33,1108,5065
E-commerce Sales,2021-11,126981.29,96084.93,7.35,8.22,1540,7608
E-commerce Sales,2021-12,151925.1,95672.71,7.87,8.53,1699,8921
E-commerce Sales,2022-01,73231.16,83169.31,7.68,8.39,1062,5862
E-commerce Sales,2022-02,54833.7,63982.53,7.99,7.54,793,5036
E-commerce Sales,2022-03,66225.74,74780.48,8.61,8.35,994,6836
E-commerce Sales,2022-04,67764.5,69882.06,8.06,8.33,1013,6094
E-commerce Sales,2022-05,73196.79,74107.95,8.52,8.13,1145,7107
E-commerce Sales,2022-06,62500.7,68452.69,8.02,7.97,886,5285
E-commerce Sales,2022-07,68018.32,73331.28,8.02,8.67,1048,7121
E-commerce Sales,2022-08,71839.52,73154.77,8.53,8.54,1056,6346
E-commerce Sales,2022-09,56266.3,70032.59,7.9,8.54,778,5360
E-commerce Sales,2022-10,72887.52,73251.03,9.12,8.540000000000001,1125,7311
E-commerce Sales,2022-11,77430.95,73188.74,8.48,8.07,1165,7774
E-commerce Sales,2022-12,104492.57,74315.22,7.88,8.46,1400,9104
Enterprise Sales,2017-01,112674.64,93627.09,5.61,5.58,852,3026
Enterprise Sales,2017-02,116883.64,94864.33,4.73,5.0600000000000005,928,3520
Enterprise Sales,2017-03,129827.59,99912.7,5.140000000000001,5.37,1026,3917
Enterprise Sales,2017-04,116541.32,90983.34,5.9,5.07,927,3315
Enterprise Sales,2017-05,135857.81,98953.67,4.5600000000000005,5.45,1062,4354
Enterprise Sales,2017-06,120693.06,102582.39,5.75,5.05,915,2981
Enterprise Sales,2017-07,111200.59,104672.16,5.98,5.5200000000000005,874,3081
Enterprise Sales,2017-08,119691.02,101243.94,4.96,5.36,907,3544
Enterprise Sales,2017-09,103368.1,83906.20999999999,5.59,5.25,823,3244
Enterprise Sales,2017-10,114573.23,92036.24,5.7700000000000005,5.61,904,3458
Enterprise Sales,2017-11,104014.02,95814.09,5.390000000000001,5.35,804,2968
Enterprise Sales,2017-12,112223.34,113143.54000000001,5.54,5.24,875,3426
Enterprise Sales,2018-01,246555.16999999998,166236.88,5.4,5.390000000000001,1521,4843
Enterprise Sales,2018-02,156515.76,151987.63999999998,4.53,4.78,945,2801
Enterprise Sales,2018-03,183448.81,154326.89,4.7,5.28,1161,3582
Enterprise Sales,2018-04,237668.37,171886.28,5.44,5.3,1538,4207
Enterprise Sales,2018-05,237326.51,194200.43,5.69,5.58,1502,3886
Enterprise Sales,2018-06,249601.31,172262.06,4.74,5.16,1587,4643
Enterprise Sales,2018-07,247745.12,180377.55,4.99,5.44,1569,5124
Enterprise Sales,2018-08,242937.01,188809.15,5.23,5.47,1526,4319
Enterprise Sales,2018-09,215198.16,177371.03,5.47,5.25,1383,3597
Enterprise Sales,2018-10,177576.05,170254.68,4.8,5.42,1099,3431
Enterprise Sales,2018-11,206492.82,158954.28,5.29,5.0200000000000005,1296,3951
Enterprise Sales,2018-12,219271.81,171973.34,5.61,5.48,1376,3615
Enterprise Sales,2019-01,140367.11000000002,153236.82,5.49,5.28,1013,3534
Enterprise Sales,2019-02,142839.04,128943.02,5.11,4.84,1059,3587
Enterprise Sales,2019-03,152419.03,134522.13,5.5600000000000005,5.45,1111,3685
Enterprise Sales,2019-04,155082.76,127379.76000000001,5.55,5.18,1129,4014
Enterprise Sales,2019-05,134305.42,140850.07,5.65,5.3100000000000005,1006,3395
Enterprise Sales,2019-06,139883.6,124704.96,4.7700000000000005,5.13,1026,3119
Enterprise Sales,2019-07,166859.48,142145.4,5.19,5.46,1213,4284
Enterprise Sales,2019-08,156840.74,156512.66,5.73,5.33,1164,4018
Enterprise Sales,2019-09,156207.12,143639.89,5.04,5.34,1148,3850
Enterprise Sales,2019-10,147566.05,133808.89,5.29,5.5,1079,3196
Enterprise Sales,2019-11,160948.19,129580.63,5.68,5.23,1186,3843
Enterprise Sales,2019-12,161500.25,150779.45,5.64,5.47,1201,3950
Enterprise Sales,2020-01,192766.46,207866.48,5.08,5.5,1079,2581
Enterprise Sales,2020-02,139836.33000000002,199159.86,5.12,4.99,760,1672
Enterprise Sales,2020-03,130597.05,204195.08,5.08,5.32,702,1866
Enterprise Sales,2020-04,0.0,193552.09,4.95,5.37,0,0
Enterprise Sales,2020-05,0.0,221796.38,4.92,5.3500000000000005,0,0
Enterprise Sales,2020-06,54465.48,221182.04,2.064,5.21,255,558
Enterprise Sales,2020-07,81610.06,206822.74,3.294,5.37,421,1060
Enterprise Sales,2020-08,101029.02,197789.79,4.488,5.36,547,1443
Enterprise Sales,2020-09,121334.16,198259.46,4.167,5.34,661,1623
Enterprise Sales,2020-10,109108.55,192937.25,5.2,5.44,579,1589
Enterprise Sales,2020-11,167373.32,194348.57,5.5600000000000005,5.22,887,2270
Enterprise Sales,2020-12,230939.18,216304.15,5.36,5.35,1267,3440
Enterprise Sales,2021-01,35201.17,71531.48,3.354,5.38,358,1798
Enterprise Sales,2021-02,34091.55,60387.13,2.916,4.88,353,1667
Enterprise Sales,2021-03,47313.78,63026.36,3.311,5.3500000000000005,497,2518
Enterprise Sales,2021-04,45130.03,61234.59,4.408,5.3,463,2280
Enterprise Sales,2021-05,54717.82,63586.67,4.592,5.4,562,2704
Enterprise Sales,2021-06,69089.79000000001,67419.74,4.97,5.33,741,3491
Enterprise Sales,2021-07,57546.72,72328.82,4.95,5.22,595,3050
Enterprise Sales,2021-08,63088.979999999996,70030.99,5.0600000000000005,5.54,673,3516
Enterprise Sales,2021-09,65105.46,57349.6,4.79,5.37,679,3126
Enterprise Sales,2021-10,72265.71,67031.61,5.22,5.23,755,3558
Enterprise Sales,2021-11,82010.4,67541.89,4.98,5.41,856,4538
Enterprise Sales,2021-12,94929.33,58042.63,5.96,5.41,1020,4765
Enterprise Sales,2022-01,42404.84,48102.94,5.34,5.14,572,3700
Enterprise Sales,2022-02,45051.63,43063.84,5.26,4.85,617,4149
Enterprise Sales,2022-03,43983.26,46470.88,5.14,5.55,615,3783
Enterprise Sales,2022-04,42277.46,49486.29,5.23,5.19,575,3613
Enterprise Sales,2022-05,42476.97,48460.77,5.2,5.38,578,4136
Enterprise Sales,2022-06,42686.82,41495.73,5.35,5.19,579,3825
Enterprise Sales,2022-07,41182.33,53015.64,5.6000000000000005,5.14,569,3464
Enterprise Sales,2022-08,40484.54,44563.54,5.32,5.4,545,3174
Enterprise Sales,2022-09,39859.51,47539.52,5.37,4.98,550,3349
Enterprise Sales,2022-10,42474.07,51358.89,5.35,5.3100000000000005,569,3807
Enterprise Sales,2022-11,57580.44,47011.75,5.7,5.09,799,5868
Enterprise Sales,2022-12,69478.81,48061.15,4.79,5.3500000000000005,1035,6215
Inside Sales,2017-01,141298.94,137158.14,5.9,6.15,1107,4186
Inside Sales,2017-02,145023.52,111463.76,5.78,5.69,1154,4831
Inside Sales,2017-03,157580.65,132969.42,6.59,6.41,1239,4387
Inside Sales,2017-04,141396.34,141233.18,5.8,5.83,1142,4863
Inside Sales,2017-05,138552.25,141122.66,5.71,5.98,1111,4534
Inside Sales,2017-06,154099.61,122671.08,5.1000000000000005,5.97,1237,4851
Inside Sales,2017-07,168908.18,136293.13,6.91,6.21,1384,5154
Inside Sales,2017-08,138591.25,148807.99,6.16,6.29,1113,4145
Inside Sales,2017-09,161755.61,130654.17,6.18,6.13,1319,4484
Inside Sales,2017-10,139972.94,137218.55,5.43,6.18,1100,3845
Inside Sales,2017-11,152955.79,131972.12,5.74,6.02,1248,4704
Inside Sales,2017-12,185539.92,126625.86,6.57,6.38,1509,6256
Inside Sales,2018-01,288502.44,224787.16,6.12,6.3100000000000005,2021,5670
Inside Sales,2018-02,223173.21,196470.92,5.09,5.47,1502,3668
Inside Sales,2018-03,356952.12,252121.52000000002,5.82,6.26,2413,6788
Inside Sales,2018-04,322707.45,220729.55,6.17,6.0600000000000005,2333,6867
Inside Sales,2018-05,324958.25,247441.86000000002,6.35,6.2,2287,6993
Inside Sales,2018-06,309854.64,201941.83,6.18,6.2700000000000005,2055,5232
Inside Sales,2018-07,327120.97000000003,225621.24,6.55,6.28,2213,5660
Inside Sales,2018-08,308246.83,222165.05,6.07,6.12,2183,6731
Inside Sales,2018-09,268632.41,225194.22,6.16,5.98,1851,5368
Inside Sales,2018-10,314768.01,244981.6,6.6,6.23,2109,6685
Inside Sales,2018-11,275035.62,227165.05,6.03,6.1,1818,5723
Inside Sales,2018-12,336960.51,194628.63,6.16,6.29,2268,7134
Inside Sales,2019-01,199342.57,170855.66,6.25,6.03,1529,5086
Inside Sales,2019-02,195446.66,152445.82,5.69,5.59,1476,5127
Inside Sales,2019-03,230448.11,184429.13999999998,5.97,6.31,1780,6040
Inside Sales,2019-04,193896.27,172580.61000000002,5.26,6.0,1448,5514
Inside Sales,2019-05,188160.67,188471.93,6.84,6.12,1524,5456
Inside Sales,2019-06,168414.29,189302.05000000002,5.68,6.12,1225,4088
Inside Sales,2019-07,216244.31,202375.83000000002,6.79,6.08,1695,5839
Inside Sales,2019-08,213723.23,215555.72,7.45,6.19,1606,5152
Inside Sales,2019-09,200208.05,197781.05,5.45,5.8,1485,5084
Inside Sales,2019-10,216810.42,185296.94,5.890000000000001,6.21,1632,5245
Inside Sales,2019-11,191664.9,177602.29,5.85,6.12,1451,5090
Inside Sales,2019-12,188750.62,186416.65,6.79,6.18,1411,5324
Inside Sales,2020-01,259520.64,281473.65,5.9399999999999995,6.23,1449,3676
Inside Sales,2020-02,195356.15,252803.89,5.86,5.82,1098,2416
Inside Sales,2020-03,159178.77,284355.68,6.53,6.140000000000001,850,2078
Inside Sales,2020-04,0.0,268059.3,6.23,5.84,0,0
Inside Sales,2020-05,0.0,293946.78,6.37,6.43,0,0
Inside Sales,2020-06,67371.98,281180.33,2.2319999999999998,6.48,340,843
Inside Sales,2020-07,118553.26000000001,292499.37,3.42,6.14,631,1534
Inside Sales,2020-08,149006.51,269438.14,5.16,6.24,824,2265
Inside Sales,2020-09,162997.17,288927.3,4.95,6.21,897,2473
Inside Sales,2020-10,167064.17,265256.79,5.83,6.26,916,2389
Inside Sales,2020-11,236116.0,274465.4,6.17,6.17,1311,3685
Inside Sales,2020-12,226438.7,291947.6,5.57,6.12,1239,3119
Inside Sales,2021-01,52921.06,89673.77,3.324,6.19,553,2916
Inside Sales,2021-02,52638.73,74198.53,3.21,5.54,539,2827
Inside Sales,2021-03,62381.37,76863.73,4.424,6.21,638,2865
Inside Sales,2021-04,61415.89,83343.32,4.56,6.26,643,3235
Inside Sales,2021-05,61385.07,77137.87,5.232,6.1,642,3074
Inside Sales,2021-06,98004.42,88939.05,6.5,5.91,1042,5499
Inside Sales,2021-07,81986.57,80930.71,6.58,6.05,875,4531
Inside Sales,2021-08,80254.67,84896.92,5.89,6.19,864,4409
Inside Sales,2021-09,78812.07,84863.81,5.88,6.08,853,4018
Inside Sales,2021-10,86932.25,90157.02,6.07,6.23,934,5136
Inside Sales,2021-11,122400.66,90717.14,6.0,6.01,1470,7100
Inside Sales,2021-12,111525.2,82732.35,6.640000000000001,6.4,1314,6432
Inside Sales,2022-01,61011.18,64309.37,5.94,6.36,826,5286
Inside Sales,2022-02,51610.74,54401.4,5.24,5.61,715,4819
Inside Sales,2022-03,49792.56,64808.62,5.85,6.34,689,4445
Inside Sales,2022-04,49653.0,57411.01,6.33,6.14,705,3973
Inside Sales,2022-05,54975.42,55018.93,7.0200000000000005,6.0600000000000005,826,4801
Inside Sales,2022-06,60955.6,68595.2,6.24,5.97,860,5425
Inside Sales,2022-07,55379.590000000004,64870.8,6.75,5.95,773,5088
Inside Sales,2022-08,53179.33,66450.49,6.13,6.14,731,4669
Inside Sales,2022-09,48442.0,54858.96,6.65,6.23,657,4056
Inside Sales,2022-10,68215.56999999999,60684.95,6.1000000000000005,6.2,960,5955
Inside Sales,2022-11,84916.04000000001,65955.74,6.65,6.2700000000000005,1330,9251
Inside Sales,2022-12,91318.56,59743.88,5.03,6.2700000000000005,1400,9073
International Sales,2017-01,153233.31,104667.63,7.18,7.99,1208,4456
International Sales,2017-02,110621.6,104100.73,6.82,6.7700000000000005,882,3078
International Sales,2017-03,121051.24,108877.81999999999,7.87,7.9799999999999995,929,3807
International Sales,2017-04,113012.45,120335.92,7.5,7.63,887,3689
International Sales,2017-05,110766.65,111291.38,7.42,7.82,833,3310
International Sales,2017-06,126304.94,112760.1,6.99,7.57,971,3620
International Sales,2017-07,109172.3,109638.67,7.94,7.55,854,3253
International Sales,2017-08,127322.52,111550.7,7.35,7.49,973,3866
International Sales,2017-09,122046.56,114223.79000000001,7.92,7.58,961,3220
International Sales,2017-10,110528.79,103051.24,8.370000000000001,7.69,848,2869
International Sales,2017-11,109126.28,101376.69,7.36,7.46,869,3255
International Sales,2017-12,126112.88,114077.69,8.65,7.88,997,3903
International Sales,2018-01,251316.31,206709.72,7.99,7.83,1576,4729
International Sales,2018-02,243036.94,183651.36,7.0,6.91,1599,4751
International Sales,2018-03,244333.79,173645.52,7.8,7.6,1545,4549
International Sales,2018-04,245751.02,183305.38999999998,7.91,7.46,1542,4753
International Sales,2018-05,237897.48,190776.25,8.23,7.53,1543,4400
International Sales,2018-06,206681.29,155227.22,7.43,7.46,1273,3746
International Sales,2018-07,275025.14,198018.03,7.74,7.7,1765,5344
International Sales,2018-08,230880.13,212610.43,7.58,7.69,1432,3964
International Sales,2018-09,274632.02,165458.43,6.36,7.38,1771,5518
International Sales,2018-10,247618.08000000002,198109.23,7.11,7.97,1542,4959
International Sales,2018-11,264257.66,189285.42,8.06,7.42,1663,4200
International Sales,2018-12,295416.13,209005.07,7.57,7.7700000000000005,1950,5930
International Sales,2019-01,171740.91,164263.15,7.2700000000000005,7.96,1248,4563
International Sales,2019-02,139778.88,136559.06,7.46,7.2,1016,3503
International Sales,2019-03,145790.43,169149.91,8.35,7.75,1052,3590
International Sales,2019-04,168957.24,156307.88,7.61,7.55,1249,4312
International Sales,2019-05,159110.12,157333.61,7.98,7.82,1153,3814
International Sales,2019-06,162887.75,143515.35,7.49,7.36,1180,3746
International Sales,2019-07,178888.25,158248.23,8.0,7.83,1324,4462
International Sales,2019-08,171017.19,149144.33,8.120000000000001,7.89,1247,4629
International Sales,2019-09,168835.13,144622.13,8.19,7.58,1240,4073
International Sales,2019-10,154489.12,142492.73,8.05,7.76,1116,3822
International Sales,2019-11,160416.21,148868.6,8.02,7.54,1147,4193
International Sales,2019-12,196114.5,159610.66,7.7700000000000005,7.71,1477,5290
International Sales,2020-01,238574.25,255110.47,7.36,7.95,1279,3315
International Sales,2020-02,175419.66,217278.52,7.12,6.98,941,2609
International Sales,2020-03,159335.91999999998,245643.56,8.22,7.84,868,2297
International Sales,2020-04,0.0,205881.58,7.57,7.7,0,0
International Sales,2020-05,0.0,257071.97,6.91,8.07,0,0
International Sales,2020-06,51310.83,241242.23,3.052,7.63,249,583
International Sales,2020-07,108386.45,248599.75,5.148,7.66,572,1468
International Sales,2020-08,115838.68,212660.62,6.12,7.7700000000000005,605,1473
International Sales,2020-09,123744.07,223529.96,6.732,7.37,672,1876
International Sales,2020-10,130383.36,258906.27,6.78,8.14,723,2038
International Sales,2020-11,188635.47,219850.66,7.87,7.74,1057,2671
International Sales,2020-12,232523.81,247692.38,8.21,7.75,1256,3530
International Sales,2021-01,45655.18,67070.91,4.11,7.58,464,2222
International Sales,2021-02,36037.12,66619.5,4.2540000000000004,6.92,372,1920
International Sales,2021-03,42290.75,73859.87,5.6770000000000005,7.7,425,2144
International Sales,2021-04,64826.05,69291.3,6.472,7.58,685,3275
International Sales,2021-05,57639.72,81438.98,5.496,7.69,590,3047
International Sales,2021-06,67373.66,71168.68,7.73,7.61,722,3447
International Sales,2021-07,77907.65,74286.86,7.1,7.5,845,4073
International Sales,2021-08,74978.07,74038.37,8.27,7.86,798,3999
International Sales,2021-09,67562.62,68662.06,7.79,7.75,723,3188
International Sales,2021-10,63097.58,73509.24,7.23,7.94,658,3326
International Sales,2021-11,81611.08,72057.83,8.01,7.63,863,4558
International Sales,2021-12,100064.98,74694.12,7.5600000000000005,8.06,1094,5608
International Sales,2022-01,50147.159999999996,57166.97,7.74,7.76,691,4364
International Sales,2022-02,42341.33,44425.64,6.72,7.05,595,3694
International Sales,2022-03,39422.56,57772.22,7.49,7.72,538,3249
International Sales,2022-04,45593.840000000004,56147.55,7.8,7.22,626,4430
International Sales,2022-05,52253.82,51226.92,7.5,7.47,716,4802
International Sales,2022-06,51114.04,52193.64,7.18,7.66,693,4443
International Sales,2022-07,48700.43,51382.79,7.45,8.01,680,4755
International Sales,2022-08,52989.65,53066.86,7.3100000000000005,7.88,731,4775
International Sales,2022-09,48271.340000000004,51238.75,7.29,7.65,678,4220
International Sales,2022-10,55849.61,58690.82,8.19,7.97,768,4445
International Sales,2022-11,53415.52,47399.31,6.83,7.15,790,4278
International Sales,2022-12,63081.57,52875.09,7.64,7.9,865,4991
Key Accounts,2017-01,161653.54,161347.95,8.57,8.72,1347,5031
Key Accounts,2017-02,162411.17,131405.25,7.59,7.55,1397,5030
Key Accounts,2017-03,137949.5,163404.4,8.59,8.2,1152,3937
Key Accounts,2017-04,169586.37,148622.18,8.62,8.4,1424,5469
Key Accounts,2017-05,154175.09,156311.53,9.01,8.68,1298,4768
Key Accounts,2017-06,197400.22,146157.36000000002,7.89,8.19,1733,6538
Key Accounts,2017-07,192738.04,151085.7,7.75,8.74,1539,5850
Key Accounts,2017-08,159494.55,157061.24,8.62,8.39,1319,5452
Key Accounts,2017-09,151507.98,148102.44,8.68,8.16,1245,4209
Key Accounts,2017-10,181562.96,160464.69,8.21,8.43,1589,6174
Key Accounts,2017-11,191840.69,167846.52,7.49,8.32,1609,5527
Key Accounts,2017-12,200116.95,165891.75,8.1,8.87,1648,5711
Key Accounts,2018-01,304391.79,275518.06,8.01,8.6,1965,5616
Key Accounts,2018-02,324579.59,272940.49,7.42,7.23,2395,6349
Key Accounts,2018-03,360256.55,258125.63,8.48,8.68,2462,7927
Key Accounts,2018-04,349679.18,288394.04,8.12,8.35,2437,7268
Key Accounts,2018-05,385032.86,285968.85,8.78,8.52,2627,7816
Key Accounts,2018-06,342858.72,270126.4,8.51,8.2,2258,6593
Key Accounts,2018-07,376038.81,269761.37,7.67,8.96,2717,7662
Key Accounts,2018-08,364071.81,272568.86,9.23,8.44,2419,7052
Key Accounts,2018-09,367813.58,237793.37,8.66,8.14,2476,7373
Key Accounts,2018-10,303474.07,268132.86,8.379999999999999,8.31,1990,5469
Key Accounts,2018-11,384409.12,245258.27,8.62,8.29,2577,7770
Key Accounts,2018-12,402348.74,301723.44,8.5,8.67,2799,8086
Key Accounts,2019-01,254503.61,236904.04,8.3,8.53,2046,7045
Key Accounts,2019-02,191415.05,203906.1,7.47,7.74,1462,4473
Key Accounts,2019-03,244322.33,215446.48,9.21,8.55,1919,6274
Key Accounts,2019-04,210507.9,221238.66,8.59,8.46,1783,7080
Key Accounts,2019-05,268080.65,215769.66,9.26,8.58,2145,7206
Key Accounts,2019-06,258881.35,212303.94,8.31,8.49,2146,7820
Key Accounts,2019-07,258417.05000000002,220771.6,9.02,8.66,2166,7894
Key Accounts,2019-08,234322.38,222499.86,8.8,8.42,1837,7065
Key Accounts,2019-09,262713.29,208853.59,7.92,8.38,2169,7670
Key Accounts,2019-10,273440.43,192698.46,8.49,8.38,2266,8352
Key Accounts,2019-11,220259.1,209848.72,8.02,8.26,1755,5942
Key Accounts,2019-12,229987.41999999998,248700.62,8.91,8.66,1727,6031
Key Accounts,2020-01,300523.64,336107.25,8.63,8.25,1681,4093
Key Accounts,2020-02,237607.65,321974.58,8.5,7.92,1322,3415
Key Accounts,2020-03,198028.88,310596.39,8.59,8.43,1085,3278
Key Accounts,2020-04,0.0,291666.17,7.48,8.01,0,0
Key Accounts,2020-05,0.0,345236.04,8.11,8.8,0,0
Key Accounts,2020-06,86102.6,301891.93,3.572,8.41,424,1209
Key Accounts,2020-07,118829.34,330917.17,4.248,8.37,654,1748
Key Accounts,2020-08,168616.84,335827.15,7.08,8.39,911,2448
Key Accounts,2020-09,148063.78,322431.11,7.263,8.45,806,2217
Key Accounts,2020-10,184485.44,323433.81,9.18,8.29,1000,2635
Key Accounts,2020-11,206253.06,339049.06,8.48,8.28,1165,3275
Key Accounts,2020-12,266681.18,313693.06,8.9,8.54,1491,3594
Key Accounts,2021-01,66570.39,93375.97,4.86,8.53,694,2971
Key Accounts,2021-02,54689.13,91106.29,4.662,7.88,573,2521
Key Accounts,2021-03,67715.87,107755.51,5.943,8.43,723,2704
Key Accounts,2021-04,73834.67,100732.74,6.768,8.25,762,3223
Key Accounts,2021-05,80403.73,85931.71,6.152,8.61,836,4136
Key Accounts,2021-06,87942.2,84595.86,8.0,8.42,965,4562
Key Accounts,2021-07,101685.62,91140.6,8.18,8.43,1174,5875
Key Accounts,2021-08,105942.55,104123.59,7.79,8.58,1271,5981
Key Accounts,2021-09,100231.67,91586.36,8.88,8.120000000000001,1196,6526
Key Accounts,2021-10,92570.24,92971.59,9.08,8.32,1074,5318
Key Accounts,2021-11,115736.62,86926.96,7.97,8.45,1358,7099
Key Accounts,2021-12,132977.63999999998,107969.75,8.790000000000001,8.21,1550,6800
Key Accounts,2022-01,73099.83,78696.49,8.74,8.35,1137,6994
Key Accounts,2022-02,67705.4,65438.29,7.2,7.57,1041,6894
Key Accounts,2022-03,73471.2,76513.41,8.86,8.36,1145,6420
Key Accounts,2022-04,72665.48,70402.49,7.4,8.19,1086,6561
Key Accounts,2022-05,61394.65,71798.41,9.31,8.45,895,5753
Key Accounts,2022-06,64679.49,74259.27,7.69,8.38,964,5810
Key Accounts,2022-07,61994.87,66017.83,8.76,8.53,920,4667
Key Accounts,2022-08,85007.04,80040.66,9.04,8.45,1230,7550
Key Accounts,2022-09,60991.97,78289.51,7.82,8.57,954,6604
Key Accounts,2022-10,72386.03,74782.17,9.56,8.76,1092,6820
Key Accounts,2022-11,75239.96,71723.62,7.69,8.28,1146,7812
Key Accounts,2022-12,113740.07,64934.54,8.82,8.67,1472,9427
Outside Sales,2017-01,155728.59,147587.23,6.5600000000000005,6.45,1262,4898
Outside Sales,2017-02,111653.66,131211.66,5.32,5.8100000000000005,916,3562
Outside Sales,2017-03,131056.89,143898.75,6.34,5.92,1051,3823
Outside Sales,2017-04,123559.7,139302.34,6.44,5.88,1003,3472
Outside Sales,2017-05,142524.92,127880.93000000001,6.11,6.18,1132,3948
Outside Sales,2017-06,144949.77,143125.19,6.42,5.99,1156,4036
Outside Sales,2017-07,157225.12,152858.57,5.66,6.4,1248,4911
Outside Sales,2017-08,176079.51,137546.61000000002,6.43,6.24,1414,5263
Outside Sales,2017-09,136833.12,146889.43,6.14,6.07,1104,4182
Outside Sales,2017-10,120311.61,139097.82,6.39,6.11,937,3653
Outside Sales,2017-11,153751.84,126079.36,6.13,6.07,1257,5084
Outside Sales,2017-12,132131.09,145640.39,6.08,6.31,1084,3642
Outside Sales,2018-01,292085.44,193138.7,6.18,6.08,1980,5782
Outside Sales,2018-02,268030.91000000003,177004.62,5.43,5.56,1858,5415
Outside Sales,2018-03,273514.65,217985.95,6.61,6.25,1831,4817
Outside Sales,2018-04,313839.73,215404.81,5.94,5.98,2151,7567
Outside Sales,2018-05,339593.74,247100.81,6.28,6.2,2312,7407
Outside Sales,2018-06,273185.89,214067.32,5.81,5.93,1984,5595
Outside Sales,2018-07,298605.5,220977.16,6.49,6.14,2125,6382
Outside Sales,2018-08,289781.13,230882.07,6.17,6.1,1952,5677
Outside Sales,2018-09,315986.28,241014.97,5.73,5.92,2211,6628
Outside Sales,2018-10,308953.01,221369.77000000002,6.78,6.38,2281,6817
Outside Sales,2018-11,300875.62,202307.07,6.0200000000000005,6.16,1965,5598
Outside Sales,2018-12,340367.53,235450.55,6.4,6.07,2481,7072
Outside Sales,2019-01,175565.02,186847.66,6.25,6.1,1317,4738
Outside Sales,2019-02,209184.79,170756.59,5.67,5.61,1719,6188
Outside Sales,2019-03,210454.83000000002,188680.33,6.51,6.41,1663,5973
Outside Sales,2019-04,181187.66999999998,179580.3,5.8100000000000005,6.25,1374,4888
Outside Sales,2019-05,206269.87,176180.6,6.69,6.25,1629,6134
Outside Sales,2019-06,198139.66,185109.0,6.5600000000000005,5.8,1515,5012
Outside Sales,2019-07,199154.8,187850.86,5.680000000000001,6.36,1457,5142
Outside Sales,2019-08,186524.9,195183.78,5.86,6.16,1473,5345
Outside Sales,2019-09,214527.6,164604.41,5.9399999999999995,6.11,1683,5698
Outside Sales,2019-10,230256.12,172429.85,6.07,6.35,1696,5516
Outside Sales,2019-11,195384.59,192743.72,6.04,5.81,1559,4775
Outside Sales,2019-12,187848.36,193786.86,6.84,6.36,1436,4111
Outside Sales,2020-01,225600.65,278056.58999999997,6.23,6.3,1254,3183
Outside Sales,2020-02,199303.86000000002,245845.9,5.34,5.73,1104,3270
Outside Sales,2020-03,154045.28,263500.07,5.5200000000000005,6.2700000000000005,822,2222
Outside Sales,2020-04,0.0,284946.47000000003,6.63,6.11,0,0
Outside Sales,2020-05,0.0,271949.53,6.56,6.32,0,0
Outside Sales,2020-06,69642.54000000001,276880.74,1.948,5.96,366,949
Outside Sales,2020-07,97586.86,305362.81,3.9,6.2,503,1194
Outside Sales,2020-08,139547.01,257090.89,4.568,6.28,762,1803
Outside Sales,2020-09,154314.04,267791.28,5.7780000000000005,6.12,830,2180
Outside Sales,2020-10,180247.07,303451.79,6.71,6.14,980,2522
Outside Sales,2020-11,233055.54,268198.48,5.970000000000001,5.89,1278,3877
Outside Sales,2020-12,238586.96,261681.1,6.16,6.16,1350,3251
Outside Sales,2021-01,47276.54,85156.3,3.798,6.13,482,2215
Outside Sales,2021-02,51220.74,80614.65,3.816,5.61,537,2714
Outside Sales,2021-03,58675.89,87555.81999999999,4.487,5.99,610,2802
Outside Sales,2021-04,66994.42,92920.89,4.4479999999999995,6.11,692,3312
Outside Sales,2021-05,76058.6,93077.08,5.416,6.07,801,4253
Outside Sales,2021-06,77096.77,84220.03,6.36,6.1,825,4679
Outside Sales,2021-07,81984.44,94016.52,5.75,5.99,869,3887
Outside Sales,2021-08,74138.66,88059.13,6.09,6.42,802,3953
Outside Sales,2021-09,86225.37999999999,89819.53,6.26,6.07,913,4393
Outside Sales,2021-10,76710.62,86531.28,6.53,6.12,825,3034
Outside Sales,2021-11,89967.78,80795.76,5.0600000000000005,6.0200000000000005,1052,5426
Outside Sales,2021-12,128848.42,81947.4,6.22,6.23,1471,8095
Outside Sales,2022-01,58040.39,56142.48,5.84,6.28,870,5079
Outside Sales,2022-02,58425.659999999996,58468.1,5.44,5.55,863,5290
Outside Sales,2022-03,57976.1,68065.91,6.57,6.07,844,4708
Outside Sales,2022-04,60110.19,63200.51,6.55,6.03,847,5381
Outside Sales,2022-05,45816.42,64355.62,6.49,6.13,640,4633
Outside Sales,2022-06,52746.31,64388.32,6.180000000000001,5.85,738,4586
Outside Sales,2022-07,55537.62,70576.1,6.08,6.49,778,4868
Outside Sales,2022-08,64874.200000000004,67366.3,6.39,6.27,893,5250
Outside Sales,2022-09,42125.19,59490.06,6.390000000000001,5.83,589,3476
Outside Sales,2022-10,59379.81,57623.97,6.02,6.41,889,5509
Outside Sales,2022-11,67310.19,59854.87,6.0200000000000005,5.88,1025,6702
Outside Sales,2022-12,83995.4,66234.31999999999,5.81,6.3,1240,8319
Retail Sales,2017-01,144283.57,127103.95,5.94,6.13,1145,4454
Retail Sales,2017-02,146763.55,120939.76000000001,5.2700000000000005,5.64,1199,4623
Retail Sales,2017-03,166520.13,141068.44,6.13,6.16,1348,5054
Retail Sales,2017-04,156270.75,129987.23,6.25,5.69,1244,4919
Retail Sales,2017-05,158885.76,132105.89,5.38,6.14,1280,4788
Retail Sales,2017-06,180423.83,129103.91,5.85,6.01,1461,5138
Retail Sales,2017-07,150795.4,152590.16,5.51,6.05,1230,4709
Retail Sales,2017-08,131528.88,120365.36,5.97,6.1,1034,3686
Retail Sales,2017-09,140742.66999999998,138557.61000000002,6.3,5.68,1126,3899
Retail Sales,2017-10,143587.54,135492.07,6.03,6.12,1132,4246
Retail Sales,2017-11,139566.03,119365.9,5.33,6.11,1107,4287
Retail Sales,2017-12,173495.45,142116.59,6.52,6.08,1397,5207
Retail Sales,2018-01,280891.45,246961.59,6.33,6.04,1966,6529
Retail Sales,2018-02,311081.79,186050.16,5.87,5.67,2320,7510
Retail Sales,2018-03,275510.97,222480.52,6.21,6.09,1981,5782
Retail Sales,2018-04,308599.88,218746.48,5.73,5.83,2179,6756
Retail Sales,2018-05,283664.69,219211.59,6.22,6.11,1890,5880
Retail Sales,2018-06,299786.19,214013.18,6.19,5.97,2156,5961
Retail Sales,2018-07,269240.2,220979.99,6.57,5.95,1922,5123
Retail Sales,2018-08,326655.99,228546.65,5.8100000000000005,6.27,2219,6609
Retail Sales,2018-09,267353.59,246413.33,6.34,6.11,1866,6204
Retail Sales,2018-10,309926.7,212121.89,6.21,6.22,2005,5541
Retail Sales,2018-11,265625.62,233761.01,5.53,5.87,1765,4797
Retail Sales,2018-12,296043.39,221507.49,6.45,6.24,1908,5532
Retail Sales,2019-01,175316.73,196903.98,5.68,6.31,1314,4667
Retail Sales,2019-02,181067.85,172424.97999999998,5.96,5.63,1379,5093
Retail Sales,2019-03,195863.6,191138.46,5.62,6.19,1450,5225
Retail Sales,2019-04,171952.58,184404.45,6.09,5.95,1304,4809
Retail Sales,2019-05,197390.54,196866.6,6.53,5.97,1589,5650
Retail Sales,2019-06,176159.38,197388.49,6.24,5.92,1325,4852
Retail Sales,2019-07,188979.26,182014.61,5.87,6.11,1473,5541
Retail Sales,2019-08,214666.08,176424.27,6.46,6.17,1657,5758
Retail Sales,2019-09,210635.85,169656.74,5.51,5.97,1624,5248
Retail Sales,2019-10,215364.67,171619.5,6.2,6.26,1696,5199
Retail Sales,2019-11,172486.15,178925.23,6.37,6.0200000000000005,1294,4327
Retail Sales,2019-12,212685.3,193412.5,6.24,6.3,1653,5816
Retail Sales,2020-01,267839.17,300039.45,5.82,6.2,1490,4117
Retail Sales,2020-02,216830.0,273579.19,5.67,5.7,1151,3450
Retail Sales,2020-03,164713.27,315805.04,5.91,6.25,908,2575
Retail Sales,2020-04,0.0,274195.12,6.32,6.04,0,0
Retail Sales,2020-05,0.0,287843.13,6.23,6.21,0,0
Retail Sales,2020-06,53182.09,282254.55,2.272,5.93,273,694
Retail Sales,2020-07,90829.33,287569.85,3.954,6.07,469,1272
Retail Sales,2020-08,118111.42,266978.52999999997,4.84,5.92,634,1817
Retail Sales,2020-09,155658.0,261812.59,6.606,6.26,846,1982
Retail Sales,2020-10,179689.29,258605.45,5.92,6.26,972,2151
Retail Sales,2020-11,206660.22,277979.54,5.29,6.0,1122,3028
Retail Sales,2020-12,271471.44,268345.27,7.03,6.37,1529,3482
Retail Sales,2021-01,57059.92,95797.69,3.588,6.05,583,3107
Retail Sales,2021-02,44205.75,71319.02,2.952,5.58,448,2255
Retail Sales,2021-03,58524.3,88283.94,4.389,6.01,617,2936
Retail Sales,2021-04,56042.17,83618.43,4.696,5.88,585,2889
Retail Sales,2021-05,75128.03,89867.85,5.344,6.45,791,3512
Retail Sales,2021-06,82272.09,91466.38,6.45,6.08,905,4247
Retail Sales,2021-07,77747.78,88430.68000000001,6.12,6.35,841,4563
Retail Sales,2021-08,108865.63,80248.69,6.14,6.15,1176,5713
Retail Sales,2021-09,78998.59,77898.20999999999,5.57,5.78,839,3864
Retail Sales,2021-10,90003.95,93068.45,5.7,6.29,934,4424
Retail Sales,2021-11,104059.75,89244.27,6.56,5.9,1186,5806
Retail Sales,2021-12,123457.77,83164.45,6.64,6.04,1393,6780
Retail Sales,2022-01,54651.72,58475.3,5.930000000000001,6.18,764,4595
Retail Sales,2022-02,47145.62,62221.49,5.48,5.58,654,4143
Retail Sales,2022-03,53562.64,62427.56,6.04,6.2,742,4784
Retail Sales,2022-04,62799.84,58304.85,6.17,5.96,918,5577
Retail Sales,2022-05,52830.96,61696.57,5.98,6.16,734,4498
Retail Sales,2022-06,38611.68,69720.84,6.29,6.12,518,3159
Retail Sales,2022-07,49933.37,60939.42,6.15,6.05,733,4999
Retail Sales,2022-08,49613.74,58222.1,6.43,6.1,724,4234
Retail Sales,2022-09,43952.62,56609.23,6.36,6.2,595,3756
Retail Sales,2022-10,63842.700000000004,66705.8,6.36,6.41,909,6047
Retail Sales,2022-11,67396.28,66789.12,5.97,6.07,1022,6026
Retail Sales,2022-12,100521.87,67342.18,6.2700000000000005,6.21,1455,9917
Sales Administration,2017-01,37211.67,42200.73,15.15,14.49,274,1052
Sales Administration,2017-02,37008.8,33210.68,12.23,12.65,283,1060
Sales Administration,2017-03,44683.26,35600.49,13.53,13.629999999999999,322,1060
Sales Administration,2017-04,46568.35,38796.55,13.38,13.629999999999999,353,1313
Sales Administration,2017-05,42155.77,43350.98,14.56,14.19,298,1134
Sales Administration,2017-06,47993.66,32738.57,12.370000000000001,13.19,355,1263
Sales Administration,2017-07,35994.55,36491.1,12.31,13.52,276,986
Sales Administration,2017-08,47840.18,41148.16,14.64,14.13,348,1400
Sales Administration,2017-09,43156.2,37573.43,14.620000000000001,13.01,325,1131
Sales Administration,2017-10,32932.34,37604.81,13.39,14.06,245,781
Sales Administration,2017-11,37785.0,39151.42,13.4,13.8,286,1033
Sales Administration,2017-12,34190.95,37751.41,13.870000000000001,13.709999999999999,251,895
Sales Administration,2018-01,77510.34,66896.14,13.58,13.6,451,1240
Sales Administration,2018-02,67738.56,64166.0,12.92,12.52,423,1388
Sales Administration,2018-03,83664.92,68419.46,14.56,13.44,507,1441
Sales Administration,2018-04,87392.61,61595.67,13.65,13.48,546,1659
Sales Administration,2018-05,75044.39,71295.3,15.290000000000001,14.26,438,1250
Sales Administration,2018-06,87172.02,73748.03,13.79,13.69,543,1706
Sales Administration,2018-07,83441.15,63509.1,13.280000000000001,13.77,518,1446
Sales Administration,2018-08,82939.31,67761.67,14.45,14.120000000000001,488,1440
Sales Administration,2018-09,84842.19,67202.96,12.37,14.13,552,1666
Sales Administration,2018-10,84467.90000000001,68860.16,12.54,13.97,522,1566
Sales Administration,2018-11,97839.71,74207.77,15.15,13.47,590,1743
Sales Administration,2018-12,108069.36,67203.47,14.52,14.14,656,1884
Sales Administration,2019-01,57392.25,54685.25,13.8,14.18,398,1190
Sales Administration,2019-02,53857.94,48520.07,12.8,12.28,386,1215
Sales Administration,2019-03,48517.43,57070.16,14.89,14.38,310,1175
Sales Administration,2019-04,52122.85,49444.299999999996,11.79,13.6,368,1357
Sales Administration,2019-05,60548.15,56045.380000000005,12.58,13.94,422,1415
Sales Administration,2019-06,55879.34,52007.44,12.61,13.56,387,1142
Sales Administration,2019-07,60158.96,57437.36,14.77,14.0,426,1485
Sales Administration,2019-08,56117.12,49835.58,13.64,14.31,396,1366
Sales Administration,2019-09,63113.119999999995,53436.6,13.42,13.89,437,1360
Sales Administration,2019-10,67802.4,53417.51,14.25,14.36,459,1431
Sales Administration,2019-11,44446.54,57222.09,14.32,13.629999999999999,307,1014
Sales Administration,2019-12,70121.06999999999,52978.39,13.69,13.73,484,1610
Sales Administration,2020-01,80414.33,81248.38,13.93,13.72,400,1108
Sales Administration,2020-02,63559.13,77652.65,11.93,13.14,314,827
Sales Administration,2020-03,55566.53,73239.04000000001,14.09,13.65,282,770
Sales Administration,2020-04,0.0,68625.1,13.69,13.18,0,0
Sales Administration,2020-05,0.0,85911.21,12.84,13.91,0,0
Sales Administration,2020-06,17613.6,62780.76,5.272,13.92,107,239
Sales Administration,2020-07,26473.71,89126.9,9.522,14.01,128,328
Sales Administration,2020-08,46331.77,83682.23,9.544,13.94,216,555
Sales Administration,2020-09,42428.26,76136.55,11.709,13.57,203,553
Sales Administration,2020-10,59128.16,80453.27,13.780000000000001,13.74,296,722
Sales Administration,2020-11,59241.8,71815.79,13.08,13.6,311,832
Sales Administration,2020-12,65141.59,83721.09,13.39,13.6,342,867
Sales Administration,2021-01,16539.04,25151.72,7.494,13.85,167,852
Sales Administration,2021-02,15004.85,22803.46,7.577999999999999,12.43,145,665
Sales Administration,2021-03,17130.36,26013.48,8.981,14.05,155,787
Sales Administration,2021-04,21044.57,24766.25,12.664,13.69,206,909
Sales Administration,2021-05,19511.64,23809.73,12.208,14.31,192,983
Sales Administration,2021-06,19243.77,24503.17,13.68,13.69,184,928
Sales Administration,2021-07,28376.63,26193.6,13.86,14.12,276,1286
Sales Administration,2021-08,23898.61,23598.71,14.14,13.709999999999999,241,1136
Sales Administration,2021-09,26551.78,23652.31,13.27,13.37,265,1330
Sales Administration,2021-10,26541.09,27290.95,14.17,13.81,271,1313
Sales Administration,2021-11,23598.64,25220.33,12.15,13.43,244,1065
Sales Administration,2021-12,33672.46,24813.010000000002,11.530000000000001,14.13,351,1758
Sales Administration,2022-01,15854.27,17766.3,12.71,13.91,210,1263
Sales Administration,2022-02,16513.71,18011.83,11.78,12.23,224,1455
Sales Administration,2022-03,16534.58,19143.35,12.67,14.29,223,1158
Sales Administration,2022-04,17014.25,19012.24,13.39,13.71,230,1310
Sales Administration,2022-05,15881.14,14676.61,14.63,14.02,218,1207
Sales Administration,2022-06,15783.77,18187.72,12.530000000000001,13.47,211,1162
Sales Administration,2022-07,12911.77,18600.34,13.6,13.5,162,947
Sales Administration,2022-08,19063.09,15966.21,13.56,13.98,255,1633
Sales Administration,2022-09,13602.23,19615.18,13.43,13.53,183,1017
Sales Administration,2022-10,16841.55,17893.04,12.62,13.62,225,1350
Sales Administration,2022-11,21590.11,16350.65,11.73,13.26,287,1698
Sales Administration,2022-12,24037.29,16863.61,13.58,14.0,314,1836
Sales Analytics,2017-01,170348.16,160383.77,8.13,8.7,1419,4996
Sales Analytics,2017-02,142922.29,127904.1,8.07,7.66,1196,4467
Sales Analytics,2017-03,166532.74,160000.01,8.45,8.38,1376,4792
Sales Analytics,2017-04,200530.16999999998,144118.51,8.1,8.11,1697,6843
Sales Analytics,2017-05,178415.27,149878.81,8.61,8.71,1548,6263
Sales Analytics,2017-06,187424.1,147795.72,8.75,8.24,1632,6088
Sales Analytics,2017-07,180137.08,127165.67,8.57,8.69,1615,6813
Sales Analytics,2017-08,172215.92,148834.13,8.64,8.8,1428,5182
Sales Analytics,2017-09,187628.18,139555.06,8.16,8.25,1504,6398
Sales Analytics,2017-10,153393.18,157333.66,9.07,8.88,1306,5074
Sales Analytics,2017-11,144529.88,145294.8,8.37,8.2,1194,5046
Sales Analytics,2017-12,139637.5,161972.75,8.91,8.69,1102,4211
Sales Analytics,2018-01,370182.35,260149.03,8.65,8.59,2501,7674
Sales Analytics,2018-02,332036.57,240715.7,7.92,7.56,2286,6675
Sales Analytics,2018-03,401319.74,265297.16,8.68,8.64,3005,8515
Sales Analytics,2018-04,286465.55,255237.88999999998,8.78,8.32,1924,5485
Sales Analytics,2018-05,311764.54,259441.98,8.43,8.55,2176,7741
Sales Analytics,2018-06,348010.88,240225.07,7.93,8.17,2301,6389
Sales Analytics,2018-07,357482.48,262898.33,8.73,8.44,2357,7464
Sales Analytics,2018-08,328631.49,238697.78,7.91,8.69,2263,6847
Sales Analytics,2018-09,409212.53,250751.12,7.6899999999999995,8.45,2810,8633
Sales Analytics,2018-10,338711.65,266034.66,8.77,8.99,2314,6966
Sales Analytics,2018-11,358311.03,267762.31,8.37,8.03,2443,6576
Sales Analytics,2018-12,376576.72000000003,256132.79,8.01,8.64,2439,7272
Sales Analytics,2019-01,261640.64,205895.81,8.11,8.54,2166,7542
Sales Analytics,2019-02,196783.13,218370.87,8.42,7.94,1580,4605
Sales Analytics,2019-03,229331.24,228748.33,7.74,8.55,1831,6036
Sales Analytics,2019-04,231001.85,199936.55000000002,8.51,8.13,1876,6802
Sales Analytics,2019-05,261963.72,214746.2,8.93,8.44,2104,7537
Sales Analytics,2019-06,239167.85,197641.96,7.85,8.52,1999,6271
Sales Analytics,2019-07,268995.7,203289.17,8.36,8.54,2263,8342
Sales Analytics,2019-08,208563.58000000002,218844.59,8.05,8.21,1501,4865
Sales Analytics,2019-09,195243.87,197410.24,7.91,8.53,1492,5387
Sales Analytics,2019-10,273087.18,227645.46,8.88,8.58,2273,6956
Sales Analytics,2019-11,218043.58000000002,210437.97,8.36,8.01,1838,6066
Sales Analytics,2019-12,256630.9,211126.18,8.6,8.69,2035,6728
Sales Analytics,2020-01,314008.43,300607.74,8.18,8.84,1868,4695
Sales Analytics,2020-02,249871.58,336029.11,8.01,7.83,1342,3556
Sales Analytics,2020-03,223017.45,339239.01,8.67,8.77,1236,2964
Sales Analytics,2020-04,0.0,310184.45,8.53,8.5,0,0
Sales Analytics,2020-05,0.0,327677.66,8.54,8.6,0,0
Sales Analytics,2020-06,79555.73,265511.27,3.32,8.04,436,1058
Sales Analytics,2020-07,143934.58,350347.38,4.398,8.66,773,2058
Sales Analytics,2020-08,197633.55,339550.77,6.904,8.41,1084,2889
Sales Analytics,2020-09,181102.02,315392.24,6.759,8.02,953,2270
Sales Analytics,2020-10,184654.68,320293.83,7.6899999999999995,8.45,994,2553
Sales Analytics,2020-11,260399.22,309048.87,8.47,8.63,1444,3846
Sales Analytics,2020-12,346565.93,321417.37,8.19,8.27,1925,5046
Sales Analytics,2021-01,59947.12,101998.87,5.262,8.48,625,3096
Sales Analytics,2021-02,56543.17,88313.24,4.614,7.5,591,3487
Sales Analytics,2021-03,60912.13,107577.05,5.908,8.5,642,3103
Sales Analytics,2021-04,82338.75,96087.85,6.496,8.36,876,4626
Sales Analytics,2021-05,75283.16,97041.57,6.5840000000000005,8.5,796,3884
Sales Analytics,2021-06,103164.25,99782.27,8.05,8.22,1117,5246
Sales Analytics,2021-07,84474.44,108390.67,8.0,8.55,925,4937
Sales Analytics,2021-08,102365.48,110534.71,9.44,8.48,1148,5402
Sales Analytics,2021-09,109237.92,102516.74,8.76,8.5,1293,5936
Sales Analytics,2021-10,103356.89,101992.49,8.35,8.620000000000001,1123,5789
Sales Analytics,2021-11,121136.07,104796.48,9.18,7.99,1419,7823
Sales Analytics,2021-12,150384.58,95582.03,8.69,8.93,1839,9788
Sales Analytics,2022-01,69789.5,72399.23,9.33,8.79,1025,6590
Sales Analytics,2022-02,58501.4,75636.4,9.16,7.92,827,5238
Sales Analytics,2022-03,59921.9,74865.59,9.57,8.93,925,6137
Sales Analytics,2022-04,75392.28,72019.1,8.33,8.34,1054,6292
Sales Analytics,2022-05,54743.229999999996,73237.91,8.58,8.58,802,5304
Sales Analytics,2022-06,65772.27,70455.12,7.8,8.64,962,6651
Sales Analytics,2022-07,69207.73,82912.43,8.370000000000001,8.31,1090,6439
Sales Analytics,2022-08,71636.04,75671.96,8.05,8.29,1099,7574
Sales Analytics,2022-09,54824.78,71745.31999999999,8.66,8.26,814,4798
Sales Analytics,2022-10,63785.32,73225.54,9.78,8.49,1026,6142
Sales Analytics,2022-11,74278.92,83671.8,7.99,8.15,1075,6291
Sales Analytics,2022-12,110008.72,72532.29000000001,8.89,8.36,1562,9412
Sales Enablement,2017-01,58833.94,47736.68,15.72,15.7,463,1718
Sales Enablement,2017-02,58170.53,40884.43,13.66,14.5,453,1580
Sales Enablement,2017-03,56163.3,51004.49,15.18,15.84,435,1661
Sales Enablement,2017-04,63925.69,49157.89,13.88,14.94,492,1848
Sales Enablement,2017-05,55150.76,54715.58,17.16,15.06,413,1479
Sales Enablement,2017-06,59382.88,50995.979999999996,14.48,15.08,454,1662
Sales Enablement,2017-07,73349.6,49647.0,14.44,15.58,566,2016
Sales Enablement,2017-08,61875.64,53750.22,16.240000000000002,15.780000000000001,489,1699
Sales Enablement,2017-09,53625.59,42736.85,12.9,14.44,408,1612
Sales Enablement,2017-10,52161.78,54144.67,15.96,15.4,402,1482
Sales Enablement,2017-11,59289.97,48102.83,14.84,14.7,437,1554
Sales Enablement,2017-12,57009.56,51949.81,16.740000000000002,15.28,440,1594
Sales Enablement,2018-01,108674.93,89949.74,16.34,15.58,649,1802
Sales Enablement,2018-02,120566.66,82980.11,13.1,13.92,741,2141
Sales Enablement,2018-03,106112.83,83142.92,13.84,15.6,627,1671
Sales Enablement,2018-04,129427.94,83650.47,16.48,15.06,811,2640
Sales Enablement,2018-05,113590.95999999999,83702.81,14.84,15.38,694,2011
Sales Enablement,2018-06,112504.41,77944.76,14.1,14.84,674,2028
Sales Enablement,2018-07,115802.21,75955.05,15.66,15.46,705,1970
Sales Enablement,2018-08,118314.67,83184.68,14.3,15.6,747,2172
Sales Enablement,2018-09,92216.43,84582.23,14.56,14.72,564,1679
Sales Enablement,2018-10,125240.61,79033.16,13.82,15.6,763,2227
Sales Enablement,2018-11,120052.02,78216.18,14.0,15.24,741,2249
Sales Enablement,2018-12,92783.12,83722.36,16.44,15.58,537,1765
Sales Enablement,2019-01,82510.54,72320.66,16.3,15.040000000000001,567,1795
Sales Enablement,2019-02,72539.72,68269.31999999999,15.6,14.56,513,1660
Sales Enablement,2019-03,79133.96,77714.7,14.64,15.2,569,1932
Sales Enablement,2019-04,74831.94,73318.76,17.84,15.28,517,1768
Sales Enablement,2019-05,81684.89,72294.81,14.72,15.58,578,2073
Sales Enablement,2019-06,56929.0,65085.27,16.24,15.36,406,1366
Sales Enablement,2019-07,79082.9,75236.02,15.1,14.92,578,1715
Sales Enablement,2019-08,77806.66,72112.98,16.68,15.66,554,1835
Sales Enablement,2019-09,64426.159999999996,68485.05,14.04,15.1,453,1676
Sales Enablement,2019-10,82301.06,68086.94,16.740000000000002,15.94,586,2104
Sales Enablement,2019-11,69141.84,61259.7,14.72,15.34,509,1739
Sales Enablement,2019-12,77125.51,74333.16,17.56,15.44,528,1789
Sales Enablement,2020-01,109694.31,106019.65,16.22,15.26,581,1625
Sales Enablement,2020-02,91786.69,100828.36,14.26,14.14,494,1272
Sales Enablement,2020-03,70723.15,103912.61,14.700000000000001,15.22,369,1074
Sales Enablement,2020-04,0.0,110726.98,14.86,14.92,0,0
Sales Enablement,2020-05,0.0,89433.31,14.64,15.14,0,0
Sales Enablement,2020-06,26187.8,103197.12,5.728,15.379999999999999,127,308
Sales Enablement,2020-07,37186.98,113429.85,9.492,15.46,175,418
Sales Enablement,2020-08,57074.88,96488.33,12.384,15.34,282,773
Sales Enablement,2020-09,54171.25,100641.65,13.284,15.56,258,682
Sales Enablement,2020-10,78470.66,100134.88,15.76,15.4,380,1037
Sales Enablement,2020-11,72774.91,93725.13,14.76,15.34,382,982
Sales Enablement,2020-12,105398.07,104774.55,15.1,15.64,557,1480
Sales Enablement,2021-01,20293.52,35732.84,9.06,15.88,200,908
Sales Enablement,2021-02,17337.16,31492.81,7.848,13.84,164,727
Sales Enablement,2021-03,21756.97,35740.72,10.822000000000001,15.780000000000001,226,1051
Sales Enablement,2021-04,21121.17,34931.42,11.68,14.96,208,1076
Sales Enablement,2021-05,30170.32,32622.89,12.8,15.74,298,1422
Sales Enablement,2021-06,33853.24,30022.82,15.040000000000001,15.34,340,1683
Sales Enablement,2021-07,34537.69,36153.45,15.94,16.16,348,1524
Sales Enablement,2021-08,36904.63,31628.05,14.8,14.8,388,1710
Sales Enablement,2021-09,35927.1,30006.420000000002,13.4,15.4,367,1599
Sales Enablement,2021-10,32312.5,34847.4,14.280000000000001,15.48,336,1569
Sales Enablement,2021-11,41050.659999999996,29207.54,13.540000000000001,16.24,437,2205
Sales Enablement,2021-12,46837.71,32395.25,16.3,15.28,477,2288
Sales Enablement,2022-01,20873.04,25277.170000000002,16.1,15.82,291,1926
Sales Enablement,2022-02,14832.96,22033.95,16.08,14.5,197,967
Sales Enablement,2022-03,25871.75,22482.91,15.76,15.46,355,2356
Sales Enablement,2022-04,22388.45,22955.33,15.48,15.14,300,1916
Sales Enablement,2022-05,24138.75,23067.48,15.78,15.620000000000001,334,1768
Sales Enablement,2022-06,23346.34,23543.78,16.5,14.46,316,1961
Sales Enablement,2022-07,20739.82,23150.28,15.42,15.96,279,1939
Sales Enablement,2022-08,22660.22,23729.09,16.0,15.06,310,1732
Sales Enablement,2022-09,19276.06,22963.81,15.48,14.620000000000001,257,1442
Sales Enablement,2022-10,24832.82,27142.82,15.72,15.8,329,2019
Sales Enablement,2022-11,21327.32,21322.38,15.8,15.6,292,1891
Sales Enablement,2022-12,30265.16,24793.39,16.98,15.82,412,2679
Sales Engineering,2017-01,45195.99,38191.04,13.8,14.27,335,1217
Sales Engineering,2017-02,39452.840000000004,36292.06,13.97,12.61,277,1010
Sales Engineering,2017-03,43374.67,40350.25,14.66,13.95,340,1394
Sales Engineering,2017-04,37267.41,35029.520000000004,13.23,13.29,279,1147
Sales Engineering,2017-05,38330.24,40332.32,13.11,14.18,284,971
Sales Engineering,2017-06,37546.94,36826.71,12.96,13.3,297,1031
Sales Engineering,2017-07,41411.520000000004,40257.15,12.24,13.82,313,1053
Sales Engineering,2017-08,45473.55,34828.07,14.99,13.8,353,1313
Sales Engineering,2017-09,48012.33,36728.07,13.51,13.64,359,1274
Sales Engineering,2017-10,41314.64,40569.56,11.58,13.86,305,1205
Sales Engineering,2017-11,44987.16,37771.49,12.83,13.290000000000001,342,1201
Sales Engineering,2017-12,40262.66,41854.83,13.96,13.91,297,906
Sales Engineering,2018-01,86961.12,75399.75,13.16,14.01,528,1451
Sales Engineering,2018-02,82154.37,65095.81,11.58,12.35,493,1365
Sales Engineering,2018-03,94571.3,62394.95,13.73,13.52,578,1989
Sales Engineering,2018-04,90795.06,58559.48,14.95,13.67,537,1616
Sales Engineering,2018-05,97821.68000000001,66989.64,14.6,14.24,590,1799
Sales Engineering,2018-06,77719.12,66214.11,13.85,13.61,473,1347
Sales Engineering,2018-07,71224.05,71830.72,12.83,13.84,425,1274
Sales Engineering,2018-08,86508.3,70704.39,12.92,14.02,511,1558
Sales Engineering,2018-09,82606.37,63907.53,12.790000000000001,13.6,500,1368
Sales Engineering,2018-10,93601.18,67481.28,14.290000000000001,14.07,572,1544
Sales Engineering,2018-11,77617.56,68630.94,13.64,13.69,449,1316
Sales Engineering,2018-12,80686.14,73022.85,14.25,14.33,486,1486
Sales Engineering,2019-01,53705.16,55785.08,12.75,14.120000000000001,352,1069
Sales Engineering,2019-02,56012.82,50303.479999999996,12.47,13.1,400,1336
Sales Engineering,2019-03,59464.15,57620.13,13.66,13.68,416,1497
Sales Engineering,2019-04,55167.41,50076.7,12.540000000000001,13.43,378,1294
Sales Engineering,2019-05,52596.03,53578.7,14.68,14.37,357,1136
Sales Engineering,2019-06,61927.72,48981.54,12.07,13.61,429,1556
Sales Engineering,2019-07,57236.9,47209.9,14.07,14.03,404,1330
Sales Engineering,2019-08,64680.62,59317.76,14.6,14.14,446,1656
Sales Engineering,2019-09,63505.97,49396.7,14.52,13.79,441,1452
Sales Engineering,2019-10,66717.76,52466.020000000004,13.79,14.26,456,1417
Sales Engineering,2019-11,58197.39,59871.35,15.42,13.4,411,1341
Sales Engineering,2019-12,52112.2,59726.06,14.370000000000001,13.94,357,1328
Sales Engineering,2020-01,72996.31,74138.89,13.360000000000001,14.14,379,1012
Sales Engineering,2020-02,61640.48,83020.04,12.48,12.68,298,771
Sales Engineering,2020-03,48628.15,81824.36,14.1,13.73,235,612
Sales Engineering,2020-04,0.0,75134.53,12.47,13.28,0,0
Sales Engineering,2020-05,0.0,87851.67,13.89,13.71,0,0
Sales Engineering,2020-06,22298.1,79344.83,5.668,13.28,115,301
Sales Engineering,2020-07,34694.12,78230.7,9.018,13.75,179,443
Sales Engineering,2020-08,37704.4,81396.73,10.824,13.85,183,491
Sales Engineering,2020-09,43570.13,84129.84,14.265,13.07,200,449
Sales Engineering,2020-10,64174.91,80991.3,12.98,14.18,318,819
Sales Engineering,2020-11,58470.11,79804.34,13.66,13.29,306,669
Sales Engineering,2020-12,72001.48,87751.67,11.73,14.14,362,909
Sales Engineering,2021-01,16623.09,23245.82,8.022,14.45,169,812
Sales Engineering,2021-02,15378.33,24160.68,6.99,12.7,143,685
Sales Engineering,2021-03,15848.34,24370.72,10.031,13.93,147,753
Sales Engineering,2021-04,20030.54,22975.38,10.28,12.99,195,880
Sales Engineering,2021-05,19890.97,27771.66,9.576,13.88,204,966
Sales Engineering,2021-06,22150.170000000002,28154.670000000002,13.96,13.629999999999999,234,1142
Sales Engineering,2021-07,23994.989999999998,24453.8,13.32,13.61,241,1091
Sales Engineering,2021-08,24147.88,25784.51,13.879999999999999,14.33,244,1091
Sales Engineering,2021-09,25167.83,21835.12,14.02,13.95,242,1161
Sales Engineering,2021-10,23002.64,26472.16,13.73,14.07,236,1166
Sales Engineering,2021-11,36212.03,22807.54,12.34,13.47,378,1832
Sales Engineering,2021-12,32277.33,24784.46,15.19,13.58,333,1358
Sales Engineering,2022-01,18851.41,19706.85,13.26,14.08,259,1658
Sales Engineering,2022-02,18891.11,18026.43,12.33,12.959999999999999,256,1631
Sales Engineering,2022-03,14280.24,17645.75,13.21,14.09,198,1063
Sales Engineering,2022-04,17550.26,17284.65,13.58,12.8,240,1507
Sales Engineering,2022-05,14252.5,19346.14,13.57,13.71,184,1013
Sales Engineering,2022-06,13689.78,18121.11,13.280000000000001,13.540000000000001,178,998
Sales Engineering,2022-07,17643.14,17874.01,13.22,14.120000000000001,238,1274
Sales Engineering,2022-08,13610.99,20473.3,14.870000000000001,13.9,177,933
Sales Engineering,2022-09,14283.15,17784.62,13.540000000000001,13.49,192,1166
Sales Engineering,2022-10,18541.38,17810.55,14.14,13.86,240,1429
Sales Engineering,2022-11,23452.96,18235.72,13.53,13.47,314,1910
Sales Engineering,2022-12,25524.96,20110.79,14.1,13.72,343,2028
Sales Operations,2017-01,157083.98,125129.79,6.17,5.94,1246,5070
Sales Operations,2017-02,155054.15,122685.0,6.33,5.27,1247,4691
Sales Operations,2017-03,149769.07,134444.31,6.24,6.19,1215,4071
Sales Operations,2017-04,160690.41999999998,131382.42,6.03,5.8500000000000005,1281,4500
Sales Operations,2017-05,144273.25,134248.01,6.3100000000000005,6.22,1137,4031
Sales Operations,2017-06,170093.54,134698.96,5.55,5.88,1391,5667
Sales Operations,2017-07,173225.1,158997.4,6.16,6.06,1412,5451
Sales Operations,2017-08,140782.95,140701.54,6.08,6.34,1091,3936
Sales Operations,2017-09,156787.38,120345.22,6.1,5.94,1267,4196
Sales Operations,2017-10,141456.55,127883.69,5.28,6.16,1124,3982
Sales Operations,2017-11,155391.22,132316.27,6.15,5.88,1225,4122
Sales Operations,2017-12,146327.9,133899.94,5.87,6.15,1182,4371
Sales Operations,2018-01,324105.6,207149.84,6.97,6.18,2136,5863
Sales Operations,2018-02,318824.94,211738.52,5.16,5.51,2142,6029
Sales Operations,2018-03,278876.07,233070.23,6.13,6.23,1860,5445
Sales Operations,2018-04,328885.93,201464.77,5.16,5.84,2306,6296
Sales Operations,2018-05,330892.32,230292.17,6.65,6.16,2341,7096
Sales Operations,2018-06,261339.93,238997.16,5.63,5.88,1782,5951
Sales Operations,2018-07,334206.48,248127.44,5.83,6.18,2497,7018
Sales Operations,2018-08,328667.55,213894.88999999998,5.84,6.28,2194,6125
Sales Operations,2018-09,288495.04,225886.63,6.2,5.91,2101,6784
Sales Operations,2018-10,313187.35,236369.98,5.41,6.03,2216,6614
Sales Operations,2018-11,242935.09,214759.45,6.58,6.2,1660,5446
Sales Operations,2018-12,228472.17,223236.37,6.15,6.21,1501,4255
Sales Operations,2019-01,203986.57,204786.71,6.5,6.22,1539,5332
Sales Operations,2019-02,175285.73,161051.24,5.44,5.64,1285,4273
Sales Operations,2019-03,217542.91,197554.08,5.82,6.17,1756,5850
Sales Operations,2019-04,205342.2,194515.07,5.66,6.17,1638,5716
Sales Operations,2019-05,215071.35,196619.52,6.43,6.3,1643,5860
Sales Operations,2019-06,200775.84,192707.66,6.32,6.19,1621,5473
Sales Operations,2019-07,182843.53,190610.91,6.15,6.25,1360,4507
Sales Operations,2019-08,190404.68,185388.27,6.42,6.18,1398,4546
Sales Operations,2019-09,178957.95,187891.94,5.87,5.85,1284,4198
Sales Operations,2019-10,216713.21,174852.37,6.04,6.27,1738,5499
Sales Operations,2019-11,232387.13,194879.95,6.15,5.94,1897,6245
Sales Operations,2019-12,241675.4,166662.65,6.04,6.13,1807,5856
Sales Operations,2020-01,216260.75,261726.73,5.23,6.13,1200,3647
Sales Operations,2020-02,163568.02,271068.7,6.3100000000000005,5.74,870,2124
Sales Operations,2020-03,175994.59,306633.45,6.55,6.21,954,2579
Sales Operations,2020-04,0.0,278665.46,6.36,6.04,0,0
Sales Operations,2020-05,0.0,285267.76,6.470000000000001,6.24,0,0
Sales Operations,2020-06,72320.85,278798.5,2.364,5.93,355,749
Sales Operations,2020-07,98050.25,267517.17,3.54,6.04,518,1337
Sales Operations,2020-08,145844.15,275236.72,4.704,6.17,790,2015
Sales Operations,2020-09,142000.4,286297.05,4.95,5.98,739,2052
Sales Operations,2020-10,202863.11,294325.4,6.61,6.36,1116,2776
Sales Operations,2020-11,228549.77,285325.79000000004,4.99,5.96,1264,3251
Sales Operations,2020-12,255102.77,267217.24,6.66,6.29,1407,3759
Sales Operations,2021-01,62042.01,87003.59,3.408,6.1,652,3171
Sales Operations,2021-02,40987.49,75621.13,3.144,5.62,441,2378
Sales Operations,2021-03,65028.21,96067.47,4.207,6.36,674,3466
Sales Operations,2021-04,68319.62,81433.9,4.848,5.9,724,3425
Sales Operations,2021-05,69396.97,81348.79,5.328,6.0200000000000005,742,3524
Sales Operations,2021-06,69840.12000000001,72942.5,6.23,5.9,742,3450
Sales Operations,2021-07,105076.27,83420.23,5.86,6.35,1150,5053
Sales Operations,2021-08,86187.52,88452.09,6.47,6.2700000000000005,949,5523
Sales Operations,2021-09,89519.08,85763.29,6.42,6.16,964,4719
Sales Operations,2021-10,74574.25,84556.12,6.29,6.41,789,3992
Sales Operations,2021-11,96510.15,84190.35,5.97,5.8,1030,4947
Sales Operations,2021-12,121897.6,89460.04,5.98,6.37,1405,7346
Sales Operations,2022-01,62931.659999999996,67413.6,5.62,6.2,873,5545
Sales Operations,2022-02,54758.29,61493.33,5.36,5.69,797,4796
Sales Operations,2022-03,54424.08,66795.91,6.26,6.36,750,4764
Sales Operations,2022-04,49544.88,63230.19,5.92,5.91,672,4229
Sales Operations,2022-05,62127.17,60002.64,6.32,6.04,887,5433
Sales Operations,2022-06,60096.65,63928.38,6.16,5.86,847,5423
Sales Operations,2022-07,45798.4,57301.520000000004,6.52,6.19,616,3971
Sales Operations,2022-08,53686.3,63025.28,5.84,6.42,734,4788
Sales Operations,2022-09,50366.770000000004,64283.69,6.08,6.01,692,4659
Sales Operations,2022-10,68676.97,65717.56,6.41,5.99,1053,6389
Sales Operations,2022-11,63181.58,63587.909999999996,6.14,5.84,969,6017
Sales Operations,2022-12,94512.04000000001,69272.75,6.83,6.31,1389,9365
Sales Support,2017-01,182549.18,145605.36,9.360000000000001,10.07,1481,4569
Sales Support,2017-02,109870.65000000001,122684.99,7.95,9.0,873,3596
Sales Support,2017-03,142579.9,153485.03,9.08,10.22,1143,3866
Sales Support,2017-04,156679.41,138944.66,9.35,9.77,1257,4904
Sales Support,2017-05,143122.88,149667.62,10.17,9.8,1152,5211
Sales Support,2017-06,162857.24,141560.15,9.69,9.99,1312,5212
Sales Support,2017-07,184164.6,153502.49,10.75,10.21,1488,5188
Sales Support,2017-08,144925.54,161324.04,9.65,9.95,1129,3870
Sales Support,2017-09,141354.64,133900.78,10.68,9.4,1131,4167
Sales Support,2017-10,147552.25,134457.63999999998,10.72,10.39,1175,4291
Sales Support,2017-11,152489.32,139208.78,9.18,9.62,1230,4717
Sales Support,2017-12,152194.15,129378.09,11.040000000000001,10.2,1226,4718
Sales Support,2018-01,252590.37,266210.73,8.7,10.08,1565,4832
Sales Support,2018-02,237293.4,242134.34,9.71,9.39,1534,4413
Sales Support,2018-03,368945.82,276595.11,10.42,10.4,2501,8056
Sales Support,2018-04,366987.74,222678.02,9.540000000000001,10.02,2512,7244
Sales Support,2018-05,313915.1,240982.24,9.52,10.370000000000001,2177,6517
Sales Support,2018-06,296496.58,267859.02,9.03,9.85,2105,5560
Sales Support,2018-07,329176.52,250745.19,10.0,10.25,2180,7205
Sales Support,2018-08,357793.72000000003,237961.12,10.42,9.790000000000001,2440,7463
Sales Support,2018-09,254586.85,233682.11,10.14,9.82,1657,5442
Sales Support,2018-10,344725.77999999997,250792.55,9.84,10.05,2430,7520
Sales Support,2018-11,322757.91,200095.27,9.7,9.89,2234,6330
Sales Support,2018-12,318921.13,244181.4,11.12,10.02,2218,6506
Sales Support,2019-01,249365.51,217911.54,10.15,10.21,2065,7356
Sales Support,2019-02,169366.81,188797.15,8.620000000000001,9.0,1304,4334
Sales Support,2019-03,239125.09,212439.99,10.22,10.13,2015,7601
Sales Support,2019-04,233230.15,223296.59,9.09,9.93,1903,8080
Sales Support,2019-05,241260.12,194309.09,10.26,9.959999999999999,1940,6463
Sales Support,2019-06,201064.54,171726.66,10.6,9.58,1512,4741
Sales Support,2019-07,199840.29,188428.51,10.84,10.13,1578,5278
Sales Support,2019-08,247238.6,208783.77,9.87,10.17,1948,7429
Sales Support,2019-09,152318.07,215242.5,9.06,9.67,1207,3832
Sales Support,2019-10,213976.09,208405.21,9.38,10.12,1672,6179
Sales Support,2019-11,170585.36,211068.7,10.17,9.78,1338,4842
Sales Support,2019-12,222209.71,220901.05,9.84,10.46,1774,6073
Sales Support,2020-01,285966.61,299355.68,9.66,10.32,1640,4057
Sales Support,2020-02,231964.41,298563.68,10.07,9.9,1293,3701
Sales Support,2020-03,172526.72,291509.91,10.16,9.83,966,2715
Sales Support,2020-04,0.0,333948.92,9.95,9.76,0,0
Sales Support,2020-05,0.0,308925.43,10.94,9.94,0,0
Sales Support,2020-06,74622.95,259904.44,3.924,9.45,395,966
Sales Support,2020-07,94271.11,272474.33,5.898,10.22,489,1369
Sales Support,2020-08,174667.63,334378.67,8.024,10.06,951,2324
Sales Support,2020-09,168980.75,284273.39,8.244,9.95,917,2492
Sales Support,2020-10,218333.57,305261.01,9.75,9.96,1180,2857
Sales Support,2020-11,214863.2,301415.68,9.49,9.56,1180,3249
Sales Support,2020-12,362675.58,326421.49,10.58,9.93,2093,5334
Sales Support,2021-01,55577.2,88795.56,6.336,10.19,594,2965
Sales Support,2021-02,49490.37,82571.87,5.4959999999999996,9.48,512,2500
Sales Support,2021-03,66948.99,104302.87,7.658,10.0,699,3293
Sales Support,2021-04,82586.03,94872.93,7.232,9.44,891,4306
Sales Support,2021-05,67874.62,86069.73,7.816,10.11,716,3324
Sales Support,2021-06,88516.74,81508.18,10.14,10.1,948,3957
Sales Support,2021-07,98318.48,97289.42,9.370000000000001,10.07,1092,5679
Sales Support,2021-08,87069.31,85382.39,9.01,10.43,949,4745
Sales Support,2021-09,105189.14,90620.61,8.870000000000001,9.9,1148,5709
Sales Support,2021-10,90012.62000000001,96781.02,10.85,10.2,1070,4980
Sales Support,2021-11,111653.26,91074.56,9.1,9.9,1291,6901
Sales Support,2021-12,117991.5,93483.35,10.38,9.9,1320,7660
Sales Support,2022-01,65078.340000000004,67920.09,10.79,10.44,949,5816
Sales Support,2022-02,59155.29,59866.96,9.77,9.1,886,5583
Sales Support,2022-03,72343.0,71735.66,9.33,10.32,1088,6377
Sales Support,2022-04,61827.47,66260.73,8.73,9.91,941,5889
Sales Support,2022-05,65902.34,65769.74,10.45,9.98,921,6132
Sales Support,2022-06,58034.99,67813.79,9.34,10.12,837,4567
Sales Support,2022-07,62381.49,77133.77,10.79,10.01,913,5319
Sales Support,2022-08,62715.6,66025.39,8.52,10.52,954,6387
Sales Support,2022-09,59232.11,71788.91,9.41,9.790000000000001,818,4465
Sales Support,2022-10,67949.03,68024.41,10.43,10.1,1013,5883
Sales Support,2022-11,97633.48,68509.83,9.68,9.74,1410,9523
Sales Support,2022-12,93343.62,71534.35,9.8,10.19,1384,8797
Sales Training,2017-01,151634.61,152920.68,9.26,10.1,1204,4472
Sales Training,2017-02,144075.57,117447.70999999999,9.49,9.04,1173,4394
Sales Training,2017-03,161665.53,141196.53,11.13,10.11,1305,4945
Sales Training,2017-04,134535.09,137072.19,10.43,10.03,1079,3885
Sales Training,2017-05,153378.02,149583.94,9.62,9.94,1215,4354
Sales Training,2017-06,163568.9,131687.24,9.6,9.72,1346,4988
Sales Training,2017-07,179237.38,143793.7,9.83,9.65,1436,5158
Sales Training,2017-08,163777.09,141776.2,9.33,10.35,1327,4585
Sales Training,2017-09,156290.72,153718.7,9.58,9.66,1261,4910
Sales Training,2017-10,179892.09,146088.72,9.88,9.82,1444,5495
Sales Training,2017-11,136053.77,136191.03,8.66,9.95,1089,4316
Sales Training,2017-12,162950.45,146025.06,10.78,10.1,1326,5124
Sales Training,2018-01,358126.37,259324.4,10.52,10.33,2390,6882
Sales Training,2018-02,340163.51,229242.71,9.97,9.18,2407,6846
Sales Training,2018-03,368793.17,243071.71,10.0,10.03,2590,7676
Sales Training,2018-04,393211.04,230650.72,9.61,9.67,2646,8459
Sales Training,2018-05,354448.15,237520.38,9.67,9.7,2450,6914
Sales Training,2018-06,329686.37,264120.87,10.09,9.87,2290,6880
Sales Training,2018-07,307565.53,248796.11,10.25,9.94,2063,5821
Sales Training,2018-08,340463.7,242640.86000000002,9.57,10.24,2455,7556
Sales Training,2018-09,325547.69,246556.11000000002,10.2,9.67,2202,6914
Sales Training,2018-10,322055.11,269634.0,10.14,10.17,2198,6621
Sales Training,2018-11,332368.76,221358.98,9.48,10.04,2332,6657
Sales Training,2018-12,339674.44,266399.9,10.57,10.03,2382,7434
Sales Training,2019-01,204092.34,203396.11000000002,10.69,10.2,1624,5534
Sales Training,2019-02,173222.26,178802.79,9.6,9.14,1326,4969
Sales Training,2019-03,207306.45,200744.17,10.58,10.23,1602,5313
Sales Training,2019-04,214758.43,200844.69,8.790000000000001,9.629999999999999,1623,5263
Sales Training,2019-05,217988.64,196162.68,10.0,10.26,1748,6184
Sales Training,2019-06,175947.0,184575.52,9.69,9.67,1283,4094
Sales Training,2019-07,213649.35,189343.32,11.06,10.08,1664,5882
Sales Training,2019-08,218541.05,226111.55,9.36,10.36,1654,5637
Sales Training,2019-09,232033.84,201427.46,10.15,9.47,1807,6075
Sales Training,2019-10,213855.16,205362.29,10.39,9.99,1764,6269
Sales Training,2019-11,235048.66999999998,211436.52,9.72,9.63,1896,6168
Sales Training,2019-12,207625.42,194908.21,10.5,10.1,1544,5258
Sales Training,2020-01,307401.52,317737.29,10.63,9.94,1781,4581
Sales Training,2020-02,195929.77,283818.32,9.44,9.2,1093,3135
Sales Training,2020-03,209696.07,310979.92,9.96,9.99,1153,3337
Sales Training,2020-04,0.0,235504.77,10.24,9.95,0,0
Sales Training,2020-05,0.0,301287.96,9.14,10.13,0,0
Sales Training,2020-06,75867.2,315680.57,3.912,10.11,406,1231
Sales Training,2020-07,118722.05,296129.68,5.442,10.42,643,1647
Sales Training,2020-08,159785.35,289045.55,7.344,10.31,857,2200
Sales Training,2020-09,155385.09,271324.88,8.802,9.59,820,2326
Sales Training,2020-10,181943.0,313933.35,9.620000000000001,10.31,980,2503
Sales Training,2020-11,222653.0,280999.48,9.31,9.92,1223,2977
Sales Training,2020-12,267389.82,297188.07,10.76,10.36,1481,3969
Sales Training,2021-01,57687.63,91150.56,6.264,9.88,604,3116
Sales Training,2021-02,54442.44,85236.45999999999,5.598,9.36,569,2472
Sales Training,2021-03,79043.22,91169.75,7.063,9.95,824,4020
Sales Training,2021-04,79759.52,92599.06999999999,7.784,9.79,852,3809
Sales Training,2021-05,78222.7,89076.42,7.864,10.04,841,3623
Sales Training,2021-06,83414.39,96574.17,10.38,9.65,897,4811
Sales Training,2021-07,86982.45,102596.15,8.95,9.85,973,4767
Sales Training,2021-08,98713.94,90283.24,11.16,10.08,1056,5055
Sales Training,2021-09,103094.22,90873.26,10.68,9.77,1204,6237
Sales Training,2021-10,85381.49,87254.68000000001,10.2,10.02,936,4884
Sales Training,2021-11,123181.58,98004.81,10.62,9.94,1481,7183
Sales Training,2021-12,108746.93,93896.2,10.48,9.84,1233,5667
Sales Training,2022-01,62676.91,63977.55,9.69,10.12,970,6653
Sales Training,2022-02,53509.83,68284.93,9.620000000000001,9.4,746,4817
Sales Training,2022-03,47603.76,67350.91,11.14,10.01,715,4316
Sales Training,2022-04,60726.67,72760.67,9.83,10.3,896,5223
Sales Training,2022-05,65000.95,70336.1,9.16,9.98,914,5585
Sales Training,2022-06,60953.49,69229.95,9.84,10.07,951,6684
Sales Training,2022-07,73210.81,67818.58,10.46,9.91,1065,6458
Sales Training,2022-08,57982.77,76956.44,9.85,10.53,865,5716
Sales Training,2022-09,67459.03,65849.75,8.84,10.06,929,6154
Sales Training,2022-10,80229.93,59201.82,10.88,9.76,1275,8793
Sales Training,2022-11,87132.42,68059.4,10.44,9.86,1308,7434
Sales Training,2022-12,116266.57,65268.35,9.17,10.01,1574,10510
Strategic Partnerships,2017-01,149201.79,132390.19,10.3,10.34,1157,4140
Strategic Partnerships,2017-02,172510.48,110856.58,9.95,9.09,1379,5589
Strategic Partnerships,2017-03,180266.65,147063.46,9.31,10.07,1441,5163
Strategic Partnerships,2017-04,143080.49,150960.43,10.3,9.47,1169,4116
Strategic Partnerships,2017-05,142600.35,147866.85,10.040000000000001,9.9,1151,4134
Strategic Partnerships,2017-06,158723.01,158711.25,9.58,9.74,1282,4880
Strategic Partnerships,2017-07,172449.52,148809.75,8.76,10.14,1386,5305
Strategic Partnerships,2017-08,166398.26,156968.38,10.2,10.15,1331,5415
Strategic Partnerships,2017-09,146160.63,137836.35,10.38,9.56,1122,4044
Strategic Partnerships,2017-10,164457.68,167656.65,10.95,9.89,1324,5078
Strategic Partnerships,2017-11,158290.28,132742.36000000002,9.86,9.7,1239,4628
Strategic Partnerships,2017-12,176955.14,158170.36,9.34,10.12,1437,5532
Strategic Partnerships,2018-01,299872.75,221988.30000000002,9.85,9.93,1970,5950
Strategic Partnerships,2018-02,312384.65,233538.93,9.84,9.15,2048,5879
Strategic Partnerships,2018-03,341529.59,276743.72,10.12,10.42,2412,6767
Strategic Partnerships,2018-04,305868.68,261905.13,10.04,9.72,2047,5685
Strategic Partnerships,2018-05,347430.73,263122.17,9.86,9.72,2456,7639
Strategic Partnerships,2018-06,318162.56,231105.2,10.08,9.92,2160,6620
Strategic Partnerships,2018-07,295419.84,253201.1,10.02,9.86,1909,5297
Strategic Partnerships,2018-08,296100.36,225957.47,9.39,9.83,1925,6098
Strategic Partnerships,2018-09,301479.51,253116.7,9.21,9.99,2144,6901
Strategic Partnerships,2018-10,374235.25,242057.8,10.46,10.09,2539,6774
Strategic Partnerships,2018-11,335320.96,227250.13999999998,10.15,9.67,2313,7738
Strategic Partnerships,2018-12,400503.57,249368.72999999998,9.67,10.25,2818,8246
Strategic Partnerships,2019-01,194837.58,212545.54,10.22,9.91,1490,5482
Strategic Partnerships,2019-02,199639.65,187090.58,9.36,9.14,1572,4919
Strategic Partnerships,2019-03,211605.23,219264.81,9.84,10.17,1678,5677
Strategic Partnerships,2019-04,250630.15,198374.25,10.15,9.790000000000001,2118,7029
Strategic Partnerships,2019-05,190637.12,206367.24,9.41,10.28,1553,5227
Strategic Partnerships,2019-06,227655.29,215979.23,9.87,9.8,1880,6272
Strategic Partnerships,2019-07,238760.34,186582.5,10.290000000000001,9.82,1982,7014
Strategic Partnerships,2019-08,174925.78,206685.68,9.59,10.25,1306,4816
Strategic Partnerships,2019-09,261610.1,177235.15,8.89,9.73,2257,7663
Strategic Partnerships,2019-10,172157.89,228744.06,10.18,10.01,1416,4824
Strategic Partnerships,2019-11,186717.97,199874.19,10.09,9.72,1567,5154
Strategic Partnerships,2019-12,188483.3,200170.61,9.06,10.18,1452,4591
Strategic Partnerships,2020-01,267916.01,299378.9,11.07,10.1,1474,4021
Strategic Partnerships,2020-02,238698.56,258675.07,8.03,9.58,1343,3810
Strategic Partnerships,2020-03,188882.65,324640.55,9.91,10.0,1027,2883
Strategic Partnerships,2020-04,0.0,319312.06,11.33,9.59,0,0
Strategic Partnerships,2020-05,0.0,308560.25,11.3,9.79,0,0
Strategic Partnerships,2020-06,68994.43,290680.61,4.06,9.89,336,908
Strategic Partnerships,2020-07,115467.81999999999,348928.1,5.724,10.09,602,1479
Strategic Partnerships,2020-08,157282.21,325729.23,8.904,10.09,855,2331
Strategic Partnerships,2020-09,154500.95,310533.83,9.801,9.67,825,1977
Strategic Partnerships,2020-10,214281.9,315743.67,10.57,9.95,1172,3394
Strategic Partnerships,2020-11,222435.96,265470.39,10.24,9.9,1269,3024
Strategic Partnerships,2020-12,317213.58,323667.6,10.93,10.11,1784,4273
Strategic Partnerships,2021-01,69442.74,84162.43,5.982,10.38,719,3660
Strategic Partnerships,2021-02,55328.14,85335.21,5.406,9.01,578,2840
Strategic Partnerships,2021-03,63063.43,100222.14,7.0280000000000005,10.22,667,3081
Strategic Partnerships,2021-04,86049.87,86252.71,7.968,9.51,931,4319
Strategic Partnerships,2021-05,85148.56999999999,95380.13,8.992,9.89,926,4593
Strategic Partnerships,2021-06,87145.1,88763.52,9.7,9.55,943,4809
Strategic Partnerships,2021-07,104499.3,101022.92,9.950000000000001,9.99,1125,5174
Strategic Partnerships,2021-08,88685.45,102517.41,10.12,9.66,940,4973
Strategic Partnerships,2021-09,71752.44,96431.4,8.86,9.97,807,4339
Strategic Partnerships,2021-10,100265.31,97645.78,9.47,10.120000000000001,1083,5309
Strategic Partnerships,2021-11,117727.42,74878.74,9.77,10.22,1442,6159
Strategic Partnerships,2021-12,143014.99,104988.96,10.23,9.81,1637,9244
Strategic Partnerships,2022-01,59297.47,71575.8,9.290000000000001,10.0,849,6157
Strategic Partnerships,2022-02,52246.36,60945.24,9.72,9.12,751,4459
Strategic Partnerships,2022-03,70830.28,64028.979999999996,8.95,9.86,1047,6009
Strategic Partnerships,2022-04,57366.53,76060.56,9.0,9.7,833,5521
Strategic Partnerships,2022-05,61551.95,75374.55,8.79,10.4,914,5695
Strategic Partnerships,2022-06,66569.94,64089.33,10.21,9.59,1007,6492
Strategic Partnerships,2022-07,54518.15,58735.08,9.55,9.86,768,4538
Strategic Partnerships,2022-08,75280.4,70354.46,9.94,10.54,1175,6909
Strategic Partnerships,2022-09,63078.5,76405.14,8.71,9.43,886,5646
Strategic Partnerships,2022-10,78387.13,67162.95,11.38,10.06,1255,7696
Strategic Partnerships,2022-11,82990.05,61141.81,10.03,9.67,1282,7428
Strategic Partnerships,2022-12,85814.05,73094.59,10.06,10.25,1196,7372
